"email_hash","category"
"b9f6f22276c919da793da65c76345ebb0b072257d12402107d09c89bc369a6b6","Kitchen Cleaner"
"c2b5fa9e09ef2464a2b9ed7e351a5e1499823083c057913c6995fdf4335c73e7","Kitchen Cleaner"
"faaee0ff7d06b05313ecb75d46a9aed014b11023ca1af5ec21a0607848071d18","Kitchen Cleaner"
"5cd72da5035f2b36b604a16efc639cd04b6cfae7e487dcba60db88d3ef870f1e","Bathroom Cleaner"
"00449a86bb34e443a5f84635661f63514574a030a15e2e57b81b2c3f4fa49650","Bathroom Cleaner"
"b6161d458c4cc28331291235d05b3e458918d2ed21abfc4b86e4bac047b5553c","Bathroom Cleaner"
"e088d5dbbca4c61e870dd32e2584623da88870327f060bd0d27465136366f353","Kitchen Cleaner"
"4727745894cc3d99632c89a64067f69327913989cddb9e2de5793d4de12ef4ef","Bathroom Cleaner"
"1ed6083eb9dc193dcd42466b57adce9f581cd70207426a37036a5dda3b3ad55a","Kitchen Cleaner"
"2c3d6ecd8ee8dec11e97c6ca5fb4390ab6b2a48c7f0983f49e80544320878246","Bathroom Cleaner"
"4a4bfb8d5cd78831438ec6b6a113e35af90c5c5a762fd12af8364b502a09bfc4","Bathroom Cleaner"
"bf3d5f4e627c28d67aba0af8df51ab84209d0cdc99b00a5974e9f6f45e865c1a","Bathroom Cleaner"
"8eed1ebcdb88ce0d8f397d8d1fba5de0e224a2294ce1b1ed1e5d04b771d30d4b","Kitchen Cleaner"
"20e17b8b2f9d71804192111f3bc7cc7117f36a5ebfdb0c309fb5886fbcb47cf3","Kitchen Cleaner"
"4fdd4c60b532053452217587f014b86e6c4dabd531552d75f3d6de7784f52eff","Bathroom Cleaner"
"e8cee956c334047056a8820065cd5c1d2575a3285a2b09ff237752882932eafd","Kitchen Cleaner"
"8d0eb06f13e26fa3fb1c5f1d7945d544659ad312ebf35f55e0ceb74573468775","Bathroom Cleaner"
"b96c858a8206db09ab13066ee53f24892d2c72b8db7fc0f66db09057e6879d8c","Kitchen Cleaner"
"2d945909f4fc18d5f124d1b88e5ee661e1b7e9e9dbcd106a61a40053609b7a93","Bathroom Cleaner"
"4a95e65a45fbb0174634d5568c8e4e25db629cc3c30bfb3a7c5da27826db531e","Kitchen Cleaner"
"fbbeb4a38beb0a28adc7d26eb8c83868ee1302cbc696fa34213ee4227854fcfd","Bathroom Cleaner"
"c5d8f8c5a67e3062474f266ba5ad233ce192d789a4ddf666afc29f4ab1367b65","Kitchen Cleaner"
"f39abbf2ea544d4e2f11b1e746e53f723795b33c96ee32cd2fb5348bac94932f","Kitchen Cleaner"
"c37266ad7483e9f65391fcd78fe992c04ced3075810bae323f21ae5c208363a6","Bathroom Cleaner"
"48bac4da7e7416ffaee70b5a07b71790e02ac782aa05257735d0398b298c9e62","Kitchen Cleaner"
"3de048e2cf755e88edf8faa097a1461e70f4ea1c053d06d8ca3600993727d07e","Kitchen Cleaner"
"7bd12e173944a4c9649700ab31fa95976480d9ba688b4d60c193882993f2ee92","Kitchen Cleaner"
"cae3fb08f049c397a0a6aba8e2f94dfaf24687bd8a05001a47367fbc5036e53b","Bathroom Cleaner"
"d2e616c475b513052dec9830e282c3432fe179f99fa6afc6eb943d08af931bc4","Bathroom Cleaner"
"4ac05dacb62fcc8e8674f217e8c29390c2802970748ae5ec7a7b9e385de06c5d","Kitchen Cleaner"
"38f304423ea50739aff8e67b486ec722aec07777c9a2e25a6cb9e9163dec78a7","Bathroom Cleaner"
"afc009e0e9246fd84bc9d71521adccae01bbc7d52634207732396c2fe4953806","Bathroom Cleaner"
"8eb68feddc77279ba2e6d6db85d2f387cc08c0e73add735a1fd427a4ef2d79c1","Kitchen Cleaner"
"e730890bb71b41c306ce931ef07a1ea9a06997b7d13f5e99b2f6a3d5119d619c","Kitchen Cleaner"
"a5f7527d4ce53a6e6cc272cef5b2c7bc9237ee7220afc7ef2f236ab20a120481","Bathroom Cleaner"
"93c7733f0d2d7e55193ee9b07874d3bd8a2eff0c7bbc372b0a5af7eebed001e8","Bathroom Cleaner"
"25e385c687261e615aa2eb1266563d6737268ea8204589d9bba5f6446387a92d","Bathroom Cleaner"
"7784d669e0bbeff825ecbdb36a3862692bf47e3492a5a4e4fc69acd2aa0fc847","Bathroom Cleaner"
"baae16f536e3bbe07f83cb407648641d78cf0321adc7c75176101911064f423c","Kitchen Cleaner"
"ed74d2225168cc5e63055fff211c7971310de29140f7b57eac7c8b6b148d0832","Bathroom Cleaner"
"f066747ca77b1283ea29ddefc3dcd49f455e5d7ccd7b6975020f2e3cbcbe5e22","Bathroom Cleaner"
"b5cb51bf78c16667a46d6ad55a0eb148c01084380de0a0dd2026c0b269335850","Bathroom Cleaner"
"aaa812346934dcd4da6a0b833f0fb688f7df5d23351466f10103c6d144b073e0","Kitchen Cleaner"
"3ad0d6f7b77714673418a27733c80b4b0374a4c11e30742035c908c93f37245b","Kitchen Cleaner"
"654c368d2b4e126ee939092a08263d5d68150c2474de71ee7a3bdfe9619ce48c","Kitchen Cleaner"
"bf9d728e7bc31692f38b12a862efd83137ceef441717468f35121e2428d42f42","Bathroom Cleaner"
"beed2babda36af043bd416f336c97d025d1076015353fecb0db4577bf7b0bc88","Bathroom Cleaner"
"aea68a6f77c5ba41895caf866dd170b343d4b4401d1086c67f1aa710d06c8f7a","Bathroom Cleaner"
"71cb757c1d706dc3458c05dceca1277af281bd08a8f2ae4e7ae2090df5f8f604","Kitchen Cleaner"
"f68162a4c51463fef11daedd919ecb69d4a2168dc16e152761117cce05731ecf","Bathroom Cleaner"
"e215789f08277db1bf007d4524f77938e5125b9024032566a4386f6aca27dcbd","Kitchen Cleaner"
"998ff6c00213603c24d053b151a2ef5d6d0991edf311de393e6b1f38b4c637ad","Bathroom Cleaner"
"cff2c4211cdcc3db25a5eea4c3ef9d8935d83a67dcb85f77dcd9fede75360df6","Kitchen Cleaner"
"d26b19d484a5b70fef79802a8f521a5fbfd23f7518773416c4e771e834e6de56","Kitchen Cleaner"
"8cb9f4b523312b6adfc079e7a33e126ae80cc5d6183c3df9cb0198b13e44250a","Kitchen Cleaner"
"59e5f1e1eab0f8a9112eda555674a0af70d54ab5eac07f24f1ea5ad93bf53c76","Bathroom Cleaner"
"f34c9bd2931ec0a4bbae002c2d55a49782eab991f75031d42baf0afde2e2f2db","Bathroom Cleaner"
"c27fcf451eb6933ca02bef2650661f472dde04e6bfcacfc603a0dee609cb2667","Bathroom Cleaner"
"586988059447d03ca50591d37c14529cc8f119ef3714a0fd5997a7e46d915e3f","Bathroom Cleaner"
"8d033e6ed165c054a35301ec9a03e218eecb1e58615d943aa637c799157bc67c","Kitchen Cleaner"
"92727b45ee998dd902665945573c298f1d432f7441544407470f3afa2e312236","Bathroom Cleaner"
"717a447d063b97dc2c678f0b7c5abf1de4d4a011e7a25c98035700da0c7e0d70","Bathroom Cleaner"
"db45b78f6024692a9080d3f9d605356a079436182329159d51ce99350a385921","Kitchen Cleaner"
"bc5bce977ea6f303f5fd2150a4f7a9fd8e451ba40e00ae6c073be155d8c0c7b6","Kitchen Cleaner"
"43ddb7e88f550cc8844551080f89724660ac55e6b52857b4d02cc1ab75e43d07","Bathroom Cleaner"
"8f7accd2e84236bad5ccc0f55e37cfb01e743041e59874874d147c7849bc4b03","Bathroom Cleaner"
"a04854a1012a7d436a015c605e04ebdf53e8bfb974c3167c0ddfa00fffc2aa2a","Kitchen Cleaner"
"fea6c03be00afd0f1bb400d8fc6240eefea9626cd7e8364d46e7fea686b0f1f0","Kitchen Cleaner"
"b8a4a8bbc00acf61199570c3b36bb4e656ce940697f51b364323934707ece796","Kitchen Cleaner"
"6a07a90f74e555319f62972d15bfa128b036fedf47256e56bde6f7307d76cb2f","Bathroom Cleaner"
"22be595f6f51f20be97a851254f52baa4c8de41c40754d7844254934b869bc6d","Kitchen Cleaner"
"9d5716a9701174c490dde8f249b12578513575eca3c5138ee8511aaa1bcec617","Kitchen Cleaner"
"c5442aaef95bf5868fa4b0e39bd61f05ae0e278e5c83f95c2f8c8f7676dec9f2","Bathroom Cleaner"
"da3d819434e27f6efec849b9453b814e2aa13b836847ca126dd7a7288e347fc5","Kitchen Cleaner"
"179d86b14bdc36563e891fead4b48dfa0c80fd7854104f9a3214d27b62f94edb","Kitchen Cleaner"
"7f732dc5380f593d261000a578ac0e4c35f89ba191eca82f0c3190eb90be1541","Kitchen Cleaner"
"a1f1bb68dc58ad72595ac6864bc53aafee90c4a3a030514eed21625d680754ea","Bathroom Cleaner"
"59afe6e61c7ca001f1ff2c22f973bc4601dd4121c1deef2841c63575ef3368c1","Bathroom Cleaner"
"f83a2bd36b7ee2bd7b6fa171cd17e19cb60a4417c46a6116870a27dfbeceaf62","Bathroom Cleaner"
"388a9028cf6de9bbd97677857d4b03651de256db73279e3756661d3b869e1378","Kitchen Cleaner"
"1b9a9daa3fa6513bfaa29e8d50c95f266664d4631d7bd5452583274b32c9b1eb","Bathroom Cleaner"
"6079d86ad017a64591f1000dad2e4724c783814d8f991ecfc62471d3c6dadc33","Bathroom Cleaner"
"3d24a40d2121a22c8a3b4b05db9cb70915e2affde79762d2ea436bfeab720fa7","Bathroom Cleaner"
"d84342f50cbbb6da5f259e53770ca079bc8753084c745efe8c84a0f1bbbd8538","Kitchen Cleaner"
"2b27a6a25582c8eb15ee5a3b9e812cbb4c2999ae663f61e38b41bb9fd9dc4006","Kitchen Cleaner"
"645dc339b9035511db3351ab7e1fb68b61e0778016cafa6a65ec00e9f0f589d5","Bathroom Cleaner"
"0d251e81a1e7126552ade01030a8cf6d0eb44e254c988f84f399dbf51eda7ef4","Kitchen Cleaner"
"6bdff51fd08e6f8931f8f42e32bea23c0ba95e74474ce38bd993d27e57a8bc25","Kitchen Cleaner"
"83462a5bea04c3050aec7aa2efe1f893123bb4e68f3cd4aef8deb28e9cf0f48b","Kitchen Cleaner"
"e74f3746fdc2b0be8c33e68822ece0a18afd062ace779708ce9eada62f6f3ff0","Bathroom Cleaner"
"9795b8ae27465cd595fb6bcb49c3908ebd01be6a873617112c70d8e72496a12a","Bathroom Cleaner"
"6332fc7545dcb4770708150e3f748bba16f9d8270bc87f81071eec1383afe31b","Kitchen Cleaner"
"a016d63baeb3f423572d62639c69405f3ab6f1f4295c0b269a9c8c0ccd87cdf3","Bathroom Cleaner"
"2e20fbac81b91ccea7edfad341caf67821b728a80dae6bb03fc0a23ecbb62961","Bathroom Cleaner"
"fd0efffddceb4bcfcd998575f017c6471245436ed7615cd6398088b75688b91a","Bathroom Cleaner"
"1811c1907d0c39045b44fc0ea85811be53a79efb93e57c8f42b5d454ea6f43cf","Bathroom Cleaner"
"c9d713ce9a10791f1fb2c6ba6db382dbd07832b7c1819d284d1b05b06db492a1","Kitchen Cleaner"
"dace15ffb07e257a1c45d25ae2f1dd701d08fc1fd5214d8926ba5110f5b9feba","Bathroom Cleaner"
"c77325c0f8254e2baba043f1bf216b8aad4f940dc7ca6a41e711dc26d4b7832c","Bathroom Cleaner"
"8b06683d198d4666e12966c2bd63e57fd2bf76b842b6ca4e58a5bbd84d00cca5","Bathroom Cleaner"
"c087609bf73564ed4a2fa9c2b27b802ef71a9d94565bf2d92861811210f35479","Bathroom Cleaner"
"8863873bb3ba52bca3ca89f1f26de878b380088695ea678e207b125f8341a525","Bathroom Cleaner"
"8fa360a315d0c6c8cbcb23611dec9c3a155ec1a1783dff7efdae33533acff4ea","Kitchen Cleaner"
"f6eab05bb8cae8dc3c7d981eb02a42dfcfb853afbb9e81dc53d32d08e77b62ce","Kitchen Cleaner"
"587604aa941d462c7d6bc0da4181939374e8df5c3fca2dc1b3ea496268c81263","Bathroom Cleaner"
"7a90779af6cc66b0085fe563be0f6d96816d17a09d9c38bd9fa79110e7ed0218","Kitchen Cleaner"
"15a3d693aa03276a7d417777ccaff2c05cd5f4f6fa6db79fdeb91e3996cdd115","Bathroom Cleaner"
"0065cde61aa30ef247b157e32f1861a450b303248e64bc4da5218be265f4f1ed","Kitchen Cleaner"
"cc21dd8fc95899175caec725378fed095c64c416f0a5b1c70826d9ed77efbb0b","Bathroom Cleaner"
"fcb202fcfc352d3f0bfc0d6a5fadafa83b781a381c3e29586956508b09f7c0a9","Kitchen Cleaner"
"cca6185f098a7555abe952b30c7bb0656ead5c518c10d1db1fd86417a9508dea","Bathroom Cleaner"
"116ceb039453e4e03395dad3c235878eaab8393691d3222be84d765994a12b13","Kitchen Cleaner"
"b09050c96249a06adba4749353fdb3be5343ef878afbb8f48bc66ee383d79278","Kitchen Cleaner"
"f835e35c766365fea3f0999a096e68ed6d586caa6593b2fc6747058185c8e3fc","Kitchen Cleaner"
"9e2125946e2c419192c3b94be554f011c6a74a505b34d2f3a9bcdaa26c41cace","Kitchen Cleaner"
"eaf07bf50e0fb6e8825360a17dcf60a12b3ffe2cb6444f94348d1c6812478ba3","Bathroom Cleaner"
"6c11328ebadd7bc99d9128fb1fd066df719175ebbb7747750515a83f95e241ce","Kitchen Cleaner"
"9ec115728720ea30cbcb1b46b626be7e4acd2acfc2d97e40a1acd3427cbb5a31","Kitchen Cleaner"
"dec439189253f5c0e15b0cd4cc0ab74f943fb492880d26ba174045268ff35b93","Kitchen Cleaner"
"8f61c5c7f40868d62b1f4021e14196ccbb48b946bb6b98e8751f2d911edfdb7e","Kitchen Cleaner"
"dbb7b6dbf56e4f5713dbdcb4a50fab2e4afd1469679f996baf0f9fc6d35eeb7a","Bathroom Cleaner"
"dbcf1358a75594e7c63cd782d89007492b0866a799ed7824bcd3ae0d6e6814a9","Bathroom Cleaner"
"0a2f9ca3a5cd8ea7534eca7facc6b088658e6fe4ae9d16cfafd64648a0774ddb","Bathroom Cleaner"
"da5be29a0cfe0e972f90bf2adf4437c45a6f6e55660e9c13ea18bdc41fff7ab2","Kitchen Cleaner"
"54ed61d132f97ba8d79649b3fe36ebe6c7e07684fa78fc1db2afd23553efeaa2","Bathroom Cleaner"
"af4111f9cd3f7cfda9c3d87c90d61a1f61b38bd848e098083a6e39c157673535","Bathroom Cleaner"
"0cab0fb6bcae905af963b0b3bf95a4c9043eab615e56b87828b5838847d06c46","Bathroom Cleaner"
"2a1b94b32e71af32b29c26c93554bd25a693b59b3861b03578b293bea2cffb05","Kitchen Cleaner"
"1594711645c871e444487b4f6fc5136d06ebdfd75a343cd3cdf0bf422f6e7480","Bathroom Cleaner"
"3725e579a40fc91365d14cd995ff2fe571de1815b443abd5cb37fc677cc3ac24","Kitchen Cleaner"
"84bbec4ebc7ff4b247965460a7558b7e237a1563c5e9b009dbd6c79ac06f9ef4","Bathroom Cleaner"
"3a590b66dc54d2a24037e2266567414549574c723be59519c4192be4d137b8f7","Kitchen Cleaner"
"f53d37d6fe20a6d72149f8a87729455a7d698d0b805b082c9690dde5884384b0","Bathroom Cleaner"
"ba271fda4d9d0f16e325fa4fb34162dabc7aa28b8feddf2f8997324df1150ebd","Kitchen Cleaner"
"4d37f4db2f875fdd7fbad1311751fe2fb65e922c32662fa5acd3ea082374707f","Bathroom Cleaner"
"603439e5d9be7e4395ac5ae453003172bb2344b5b14cf5d36756449b7343f213","Bathroom Cleaner"
"e7b2db893b837b13dce2cad512ca5e84473ad8a29108f11fa190ad2324905100","Kitchen Cleaner"
"000c5e8ddeaccbc7f162c76ff22e5e75b9940cb0c5df6a022c4805e644696dc3","Bathroom Cleaner"
"c993e8fb95f8695b07abf5792f6eedc43d3d84800a28a3c0da6bb6a3bbcea429","Bathroom Cleaner"
"397e72b31ebc6cb185a33e0786f2e29226bbbb4db8e5ad4f48b26d0a79c26f8b","Kitchen Cleaner"
"73b016b7d8b0374c8c8c54fc0e46a4e45eb704a32bd1664cd6f26a0a78dc4e3e","Bathroom Cleaner"
"d1bbc5c0a3c4c9e67101d3f1e051ec9cecd09922789a1a289892b86c69c6c4cf","Kitchen Cleaner"
"bbbdacb64e6a866ecb54c8851f4828432a43697647ff89a165f7fb8a631f5d99","Kitchen Cleaner"
"c56f7279668daf08c02bedce87ae3ef31c64336f9cbb9bb8e6be7f65ee9763dd","Kitchen Cleaner"
"89c124cbf9de91a806e75a587b058801212f81af6a72a8fc5fb4e19d0b6e0da4","Bathroom Cleaner"
"5dbd3ec3a052023d78bd122a54b73e1ba67bb4bfe83087a027d8e7c174db5de9","Bathroom Cleaner"
"33145e464dcf4bf428f84235a4f37eeebf86e24d21dd59f49546d9c5e08edca5","Kitchen Cleaner"
"4b46bbf7005f735082975795f78ce4927033e60515bd6b90f64e1803ae104458","Bathroom Cleaner"
"47622d541775df9f759aeb68f3cc6e2e815e09e82a2b0506f629157bb6523e7e","Bathroom Cleaner"
"535082c5ad8f6da3ae73f1434e255a59a2db0edf903512ac2ba5dd783e1cc35c","Bathroom Cleaner"
"a8186c9266c9e3377ef431e9b428c17df540da2cdc0c6f061bd79ba8186563ea","Kitchen Cleaner"
"dd7665c251160402c77bdf7bc0b775405fddc5a82f861b1f206c2e41cbd9c95c","Bathroom Cleaner"
"fb9bd412e73cde30353df887d2306a38c66f55fb1bf250180d421c51553512c7","Bathroom Cleaner"
"4d35f11682c0566dd4383c813bdb40852825439b44612dba612060b63a0f268f","Kitchen Cleaner"
"11e48efcc27659bfd99856d9fe7eb65f01e36563a27bbe84f52b541cb9ee857e","Kitchen Cleaner"
"0523da2b88fc23bf7b4c4a2ec2e2b42c89b5fb7a1acaa83af4e183b46b5eeb7e","Bathroom Cleaner"
"425f4baa24a07bbe8bf8afe3260a809cdf71cc7f88da81132e2e79622245a8dd","Kitchen Cleaner"
"807d10c0513c42dfe2c4cc3a942d9915389273b617bb2c80cdca68ea3273f8ce","Bathroom Cleaner"
"9db3424c0d79a992c8e71cabc20e24e6bd27d92f7ff55c4dc8852e29fea3702a","Bathroom Cleaner"
"c0dcf703449d197fffae190581c9a3599c468fb1875b7d462ff49f56d975ea8a","Kitchen Cleaner"
"0227920b43a3a2449f0166b3e4f4c141b18a79d834278e1064e65949e111e51e","Bathroom Cleaner"
"7ef4aae65dc18a86df35edae20372eeb8270f422fd3aa2ed5599c91680642635","Bathroom Cleaner"
"c311647bb1a64f1da35cf0f94281e1092dc8744ff21c6679416c40f901ffaac4","Bathroom Cleaner"
"917a5704381427dbd3d41c8a284dce0334129d83790e3f06cd1f9543f0a3b662","Bathroom Cleaner"
"2fbb309d709cbff36bffc5fb334af03ff559a184ae767b9906686ebee8e1d326","Kitchen Cleaner"
"9f8c4fc5fab9c6906bc0869b7bf5f32132400808717b6083f92a697b6208b0d8","Bathroom Cleaner"
"9050950c54fb5330bd9991e8096ba22426c7f7daf7d0c77101b50c12897ab59e","Bathroom Cleaner"
"e894709e4d17d4c455abe188dc06fbebcf27e0ea9f1e21b4c0102d576379bf49","Kitchen Cleaner"
"d9fa5ffbfa86d327c22975d968f4b5bc6f21a39cf1a74f9927d858eedd825d59","Bathroom Cleaner"
"9824ed3da8365019cf9864241ca7219be08fb3d71d3998c79e1b049f1e9ef7be","Bathroom Cleaner"
"c4c76dbb8a51defb0cec416aca92dce801f8d763503c2492971500a3cca7d737","Bathroom Cleaner"
"a1ed0c16d5de12feaf015704a7fecfc0cefc35affdfda6873e0a30e3bcb2f182","Kitchen Cleaner"
"6c1180df5148642a02db3eff4864a4fcdff8c6e73e25685c95b478789b5d0657","Kitchen Cleaner"
"e537f501dfb114d6dd7933cd85802c641394bf96e491a7514bd4266ded8d03d1","Bathroom Cleaner"
"0ed1d2ab486d8b269c1f8d1be7981bc6e58728166cca9e16beae358c35828100","Kitchen Cleaner"
"32e65eaa0fe8c817e704107944476fda69b556ed0551998f3f271391e84f381e","Kitchen Cleaner"
"708799c1477ded0a8a732ea1d2634ecb8db35a6ec4905fa18b9224295cce2b16","Kitchen Cleaner"
"6a35be21e5a846195457b989183ab2f743bbd5654fa1a8557c4e659b07408dd7","Bathroom Cleaner"
"6d6d289e99277fdae270b8599002f164d7d2c52674f24e32b81912efc39ffc11","Kitchen Cleaner"
"681220c5049053dd7de713fbb55d70e498325285ddc17ad4a679d6608cc31efb","Bathroom Cleaner"
"cc76d988af4d0b4b8b2297fc1d52e1127f041e7d1e0f3997c6e02d7f3535714c","Bathroom Cleaner"
"42043e2f4a51bc43cd625522bfc6717bff730297f64e738e9093cc810f35292d","Kitchen Cleaner"
"5babff4b61f7b3f74d7d8ca420a864f4f9f96a56e6592315ebed9f23c033365a","Kitchen Cleaner"
"56bbfa21f8a3d24936fe111ba1c7a8c0311e70873d6f206c782685d2566d412d","Kitchen Cleaner"
"30b6519a8183e999f05badc83a78655ab76fd570579d840cc345cc0d18e5a21d","Kitchen Cleaner"
"40fbee6cf3600bf598f0fe274ecaf9461f5e076d48360d4ad3b6edea3925acb0","Bathroom Cleaner"
"73480580e15198d79b60acabd66ea6a3ac52485f9e3eff8cb04ef73d143447d4","Bathroom Cleaner"
"0ab690c38e443a6eeab4c9296c8dafaf59aff98d229a43f8e3e0ebe58f98f693","Bathroom Cleaner"
"8e9d4cc33b3a31d4b488bea6366e052fca7e13ae3208b84b36f0935cf6063bc7","Kitchen Cleaner"
"bb9257406485137662ddd02faa129bc7ee3a4773d61735dc5645e2c280c4437e","Kitchen Cleaner"
"94104bea6500e8253bc7d2a88c5c0faf58ccc992735e16993a8ccdd06969e35a","Bathroom Cleaner"
"1ffca296af2aa0a4532d2541dcf02127e4fe2c46aa4bcff892bb8613f39f6f43","Kitchen Cleaner"
"ad96963bbc8a8360967a6bb547c51a22770a43d16b9236b2baac27b032ed8416","Kitchen Cleaner"
"da09a2f178334c841c1493c6d88353c217873e27cca818bced51e26a66f99714","Bathroom Cleaner"
"296aec074ee166383c2585d33b78eb28b7cd86a856d032aaeb1dbb24e81e36b7","Kitchen Cleaner"
"4f6fca294ed1fd8a889f1379e38f1ee04f3a0bd7a81861294ec4d7c04d991876","Kitchen Cleaner"
"f30ab7ff024b4346f385a78a67f3f598a21e6fbe649fe74a8f8695121a42b2ed","Bathroom Cleaner"
"97144ba577a00587350bb5f8b43903e28d7590675e7c2ec2fcbdd818f6420b77","Bathroom Cleaner"
"74ed653e3e892bcd36cb8686843395d7eaec1f1e1d1b76af47d237782c31428f","Kitchen Cleaner"
"b3f78171b46976195bc86d71d0c03625f994241dd258699102c1ade30ca3fdad","Bathroom Cleaner"
"399b328c0bdfb4d5e7a8d7bbad26ef4de2469c4811068f82bae58b090868b3ff","Kitchen Cleaner"
"79c5b79cf7131f4012e996ce1f9b568d79d9af4ae3188676533994b430cdae59","Kitchen Cleaner"
"90ebc073272361560c68f74bdbbda15d8eca65328ffc6ad33fd6e4076acdc83f","Kitchen Cleaner"
"27b47a60c6e83ddf91705e30d7163d85f5e2c59951dc82e792d98264f7de96d2","Kitchen Cleaner"
"1171ab361afe18fe5dd42467e96245f97ffc9a748aa7160013c7afdddede7c8f","Bathroom Cleaner"
"0bbf9f831a090ab2e4ff603b52c07d8cf24973ad1efd09ec759d4cd8f427a0fb","Kitchen Cleaner"
"a0816e48ac5956570aa5f7ed552534bc75a7aa47df7c680d067ea7b38f4a99ae","Kitchen Cleaner"
"64bc6bdc946dfc2e71227738d4f9513445f7ab93814136c6c675cace0258a29e","Kitchen Cleaner"
"514443d1363f60228cf367a318d6ce3907a3fe5117fe5f5531e3055719fff451","Bathroom Cleaner"
"1d68930359847e855928d851789701e780d1aed32f40fbd808a36619a198eac7","Bathroom Cleaner"
"1f89b9e5e91e28b448103d8d14c8802382523934d439b995e0b5693071963991","Bathroom Cleaner"
"957f3cdcd5a5f9dcc0137377648b939c60d2fbb980110c384aa5305e24703f3e","Kitchen Cleaner"
"03ec8c2e6a17903af7f2a0b604127f91a6be38caa04d84224861f8b785499329","Bathroom Cleaner"
"3b13daf29e360d56a4e80046c763bd925b8cbe60870d5c2c56b78d88db30d032","Bathroom Cleaner"
"99f59bddbb78a2ee92b520dd1674ae986f406809d6a1eaa06a1573cebea1c624","Bathroom Cleaner"
"0608abc0b1a7eeb6ab56c664ae208169ea0a8c15b3abfeab6c68f083dbfb50ba","Kitchen Cleaner"
"4a6a06ee01e97b7f83543d3015c5dbbd9e81685364594cd43474be025a3acc93","Bathroom Cleaner"
"8b6914f2141168d8b928e92fc0d3ebe6debf13f198dc6eb228425ee0b9d45f91","Bathroom Cleaner"
"77c5ee91de5cd474ac44344530a3f16501ed8ea6b7ec3d5c4b5b2925ccf562ed","Bathroom Cleaner"
"8c7e2854cc9dd7a23c7f87958a1329477b390371c5eaf30dcc26316ebf64fa3b","Kitchen Cleaner"
"68e2d907ee44fa5bbe39861af74613b8f583fa8584d0fe23669b35919127d6ea","Bathroom Cleaner"
"5ae1dea9393f2fe2b299eea9257c713b95e60204bf4aa72a930d28a3c51080ed","Kitchen Cleaner"
"651389ebaa312aaea0a3810efad76cdda866582a1b00eeacf0104c36468fb8e8","Bathroom Cleaner"
"f8cad82f6be6be6ac40c6552522a1b181b6b28275ffc3982aea578aa65bbb93a","Bathroom Cleaner"
"e2bffb8186636addbf5bd9af6cf906b79d70a702f83f2d59094ba104fe8695f8","Bathroom Cleaner"
"d8d9a99e4cd08ce0219996c0b06781fd8ddfaaa4a62f843fd7750918f0b6f042","Kitchen Cleaner"
"c2a7000227ad3ca14c3843525fd9eacc6ff6015969ab25c1f8ef56776e3ede6e","Bathroom Cleaner"
"c50d65f8a84b2caac22d4206194f111bc46b2de41e5f237e0794047246f387e6","Kitchen Cleaner"
"2308eaac32ce10f2b99999f06f1843065e2c1b3c85253462f783fd45a5fc4589","Kitchen Cleaner"
"e14d40e51c9251cac00e087acd3d987fb7160ff7592f0c02ac53012ffdd4dc95","Kitchen Cleaner"
"52eccc74c86ef4432dcc9d2381f0d35c02ba6b20889a950c3ce2f8b2aa59955b","Kitchen Cleaner"
"761ce3738a6c3519cb0c9b4f732536e5a8e6d7c09df700d858b3b141ffaf93be","Kitchen Cleaner"
"d561a50614ce0a41e17348238b937eaa6bc4c0354557a4e82c64ccb13eea062a","Bathroom Cleaner"
"268f834d63acef7118075ebc43c3956ab0e72fb8a6d90fa44ab618ac4da82b6d","Bathroom Cleaner"
"9e652e823582047f1503a5f8cb92332f7b01e7fd58fdb3fa61c21de350a77908","Bathroom Cleaner"
"e82ba2b667551cf09f18136a6c1c4dc58d9ba563d6fb82065c3b8fcd8592bb2e","Kitchen Cleaner"
"59f5a76c108ee73ec6345d4737e5d98f3fd66e87dd03cbe8273446e687b304e6","Kitchen Cleaner"
"6051a907006f0d17a7c702536fc059535e360fd9ffc3df269f907b64a342065e","Bathroom Cleaner"
"1e4bdbc852845170e1858fb2b358a8c02e3de1f7c1dc418cb4ee36a3fb1f9f65","Bathroom Cleaner"
"0be9607df6cdb85eabdeb78d073800930b2d05f0690d38f72b3823b95efeb31c","Kitchen Cleaner"
"ae7e4e482ecf843ed70452511dd37634cec744230e73e88b2f80490fcf4bb905","Bathroom Cleaner"
"b9e15fc75458293a3fdbe007230ddb8c93fb9fe9afd9b6eac18d6db5d460ad34","Bathroom Cleaner"
"2b5fcf9c9fc6d48d05f17bbfd0cfb9a91770a350bdd75d10555e874743623dd8","Kitchen Cleaner"
"14a4fe1345c239eb136f632cdef596a4499644aaae208c11cf14b431d8835c71","Bathroom Cleaner"
"805674ebded6336c957918b1725682e7c4d2fdf7404414db36536620cad0d6a2","Kitchen Cleaner"
"329f89590a16b868cd0c6ed8362d8323209cd8eee9cd072e67de8985c851c083","Bathroom Cleaner"
"441659ad88c787c99283f3867f4fbee18041e78480478e39f2a8a37ce2203ee9","Kitchen Cleaner"
"dd505e86264d854bdabec9ccebb525c46efb5562fa1beb4ccec4059e907d959c","Kitchen Cleaner"
"4dfc014a1c44559715a5795df2f6ceb8edd496c047b004eb61abc24f9ce99e8d","Bathroom Cleaner"
"bf7f72801b80b68cd1034431db6e67799e145bdca4438634ee36d3deab00270e","Kitchen Cleaner"
"5bcdafed5d7053ee3432dd5fa7d6596d369a8ed4c172b1e19923f9b286757554","Bathroom Cleaner"
"f8efceaaecbb2af6a21ea13e40b8d9b225b4d46661101b3145eab25470d3a07f","Kitchen Cleaner"
"0dfd506a7d0cdce0e0c25d2064a711a47ef6eff665248de1357324a4f7971072","Bathroom Cleaner"
"987dd24f0e81cbab7abeace573d17e320deb6640c649c16a42418f2c8fe4cc05","Bathroom Cleaner"
"e506c4586ed9a3ff356bb6969417547689b2c511497cacef63865890a43c9e54","Bathroom Cleaner"
"c47f7c7e4bdeeea1e670afdf016321430f9e1279107fe3db82713bc75d54c143","Bathroom Cleaner"
"f1c5e8b0f8b4208fcf3d9086dd00a45ea47647315a7454a1e62bede205d6af03","Bathroom Cleaner"
"e83a51e5e1427f1184fd7ee81cc3a3a3303d321d04e7cb32791cf58aabf1a886","Bathroom Cleaner"
"1944b30bddd6acef3585b70912eb53ea7c5aa055c0729145c91e47f7b5562fb9","Bathroom Cleaner"
"33d935c5edfc8dbdb574edd5eea0d045223676437339dcf3c5e86e619d7f448d","Kitchen Cleaner"
"1e7f9030705123fb479cb97e87d81aadd715d6162ed95855b7f026cfa9e91a24","Bathroom Cleaner"
"6bd5b5540a72617ae3735dc8c1a0f56badac9a6eac9050c5c49319faf6985254","Kitchen Cleaner"
"87c376388e270ce6e25cd6e11923c2e8dfd7e6ffa53693d0e7a669c83d7d732d","Bathroom Cleaner"
"f090b2cffe63e72590459326694d260cf603dd315a40701eee953fe0a2935403","Kitchen Cleaner"
"ee94df0d3f6ed78c710d4d814ac950257a854cf1bd78f0fd37bbabd0cd5b7c08","Kitchen Cleaner"
"d9c48fb99cecc669db6ed65501e3fabfd9d6ed9ebcb83a221361d290afd16ffa","Bathroom Cleaner"
"e493a6156d0db30bf06a12e4bd7a29fbdb4c62ac775beeb7edf185fc31f1173e","Bathroom Cleaner"
"6a8d7726fdeb13feba6e18e5a1a72a9d7dc0066c6567669771e1fc5c1ca41111","Bathroom Cleaner"
"831699d2c530c4910cb58f0978fcece1c078d2d5319bd0c3f5103f434dcfac84","Bathroom Cleaner"
"7566b2e3dece46ff8cd7ab1936b41cccbc9077d724a8711df20e7b130421588f","Bathroom Cleaner"
"deaa56df956dcfda0e786a54eb3119fb29188b984916303a0b76b424459f86f6","Bathroom Cleaner"
"67c7a44d77aabf2808b266921a25ddbeed0a1c045e06282df082023e732a2845","Kitchen Cleaner"
"29b3a89a82743599a87e38182543927b56754738ec35cc6bdaec2ee93d63c33a","Kitchen Cleaner"
"caef89bf102131f3ff605e2951d180046b13142823eafd7946c90d5c1b65f94e","Kitchen Cleaner"
"e4d89b4ab68f29f04991f687599392a568f21afd6f61c7fe1dca5342e5181db3","Bathroom Cleaner"
"b0583d2c1fccd96fdffa1b1d09f876aaeaa6feea3336239bb57bb6740f100e79","Kitchen Cleaner"
"1f471b7807c5a296ef7431008a2edc71b492e1e874a7ac352e5e81c01eb6aad0","Bathroom Cleaner"
"50e4f1ac7c43a57d7ce52e0f9f46d19604f1a2b0bd1863a3ff9f61b157ed0a03","Kitchen Cleaner"
"a302cb391f34673db7e0ee8915ff1bf7f960bbe30d639a91c53d0b66ac9a04ab","Bathroom Cleaner"
"cf4ad399df66ce6052148983437463ea3b4badf5048b16acd3f96cc7ad9f16f2","Bathroom Cleaner"
"38d3948bd4c4bae6cd622a7e75a75ff0c99e1fe68e2aabce67b6ff2937558e99","Kitchen Cleaner"
"f7909e7d6b2010dc37bedcb475968b46891d6ea336a753a6c87d80fa411e3d3c","Bathroom Cleaner"
"3c706310411818decc4d32b3447434a7f4ce8ed904ed51778a052a4e99b4633f","Bathroom Cleaner"
"62e4a85c8f842cc07d9b67b1c4930b0d0c07b8197e780f9dd24ef3967987aa64","Kitchen Cleaner"
"a9ffb894dbbf0a59bfd851abd616c93ef23af9146f74a8157786dc5dbdbefd31","Bathroom Cleaner"
"96b79699bf040f2903e5d4c82e74c187aef8aeca7807339a891f60f0fac5e3d8","Bathroom Cleaner"
"338c196c8d0c2ee3bc1abac25bba9f82a62076561635972c3ba9a8415a0195ab","Bathroom Cleaner"
"0c989b906bfe6b42c038cc14523378c6a188d0485c5bc5cfdc558c18740573b6","Bathroom Cleaner"
"a5e118586397ef00f2298c6406c151d0cda2c0be481d8c5f4a3d28e8924c93e8","Kitchen Cleaner"
"4ef0e46ebf51b42e66a1d1c29b22716cf4e0bd187a498d89de4bcb3477b8b773","Bathroom Cleaner"
"254b24057fe1986e4ab9689865c15a531a0c5be5ebb5efe0f473a6c0f7c043b3","Bathroom Cleaner"
"f40c14b0c8989057e0baef54deb720a81fc38d65ac6b0b2a397766f7cf04990e","Bathroom Cleaner"
"bb851fece666c96ce4c1146300babbecbef5eb2591e690a698f97697b117a871","Kitchen Cleaner"
"03a64625853fece899e1ce0c34459cb7f62e046c9161720f6b28aff145f4daac","Kitchen Cleaner"
"774bddccc16d541eeb195f60a3f6606971b9cc2c7a615247794ca7483492d1ee","Kitchen Cleaner"
"bfd05f432595f17040fbe3ce466f126f110d417fb446b6e84cf146aaff72a5b8","Kitchen Cleaner"
"b1e2d4c27af3d62cb9de84379c53f5cf19cc44cb6d0fb999e89c89f4dae32223","Kitchen Cleaner"
"83cb812694c19d3bfa3a591cb5288bca8d80f55d66efd29838d39df71a3bdc68","Bathroom Cleaner"
"0643f982031cdb11708242f6514a977144f4a240cb3164bb966471b87d448530","Kitchen Cleaner"
"dd392a46b29dd9d2886dc3dd0f204f0cd51eb08cc03740e9497a2878b892dae5","Kitchen Cleaner"
"f9b900da785a2096b7a716c0d1a72e7df90cfaafa7e4db43e8353312bd4fc2b4","Bathroom Cleaner"
"a8df489e6a6b3e1c00622a1d84c776ca36a3a5cce82533d1a567d085ccb4beca","Kitchen Cleaner"
"27985a627a80930d7dcfa860ec0a319e9f96af22ccfb46bee52670442aa9326a","Kitchen Cleaner"
"d4aa9ec4bc2c34f6ef3d1007fcd2da0802ed196c4f52cd3a863c7c0359f7194d","Bathroom Cleaner"
"fac11f077a0a2bb111f572bcf9cd0b0b6662c3eec33d0dea80e3b3db2c055edc","Kitchen Cleaner"
"42fe526c2f1173d51482944df6c7109b7f6da377c1809fdd53e3e3f1707c512d","Kitchen Cleaner"
"4f8aaf78e4178a9b79601b2f7d0b7df555595dafad12ab9dda43073ea3233a11","Bathroom Cleaner"
"57d2cac8e620a48934d3238f92e18631d8a8f0539b94b6cf1b44c5e6457adba7","Kitchen Cleaner"
"6f01e9a7af73763d38af3fe04c82e96db253f14d275e8ced8eeb2bb6eff63810","Bathroom Cleaner"
"e577345099927928078d8564d1ebc1c0dafca1013cb0d21fcc20172a5b5d8706","Bathroom Cleaner"
"53763c215f2b377799848f1c902ace848888deb595f21dfc29ffaaf49b60afac","Kitchen Cleaner"
"8a48ef105b0742cb38fdcf6e297146a12bd1acc675ee20a813972bd49a0ee656","Bathroom Cleaner"
"b2380020b8458a8edb1bc834bd239bc20fdaef234656e79db226b97c03495a25","Kitchen Cleaner"
"8e1e756c41bbd7c145edbd3a8eab730a7150ae6785be03b835a2717047d0d64a","Kitchen Cleaner"
"a69e6701ed2d613b65d6379ba53938efeb40765d2ad1cba09020bf43157fd465","Kitchen Cleaner"
"61d34ad54ae164076118389d046c52f63b0cb7c6bdc39dffca6b5b8ae47d3621","Kitchen Cleaner"
"7aba8bcfe903ee6a7b8b53ef74b12b08079670ca72d644f97a51144198e21cf0","Bathroom Cleaner"
"f7197aaff8199c313dac78095bbe7d3d70033e261b0a9faf0bee8c472b42a27c","Bathroom Cleaner"
"f77386c5d5bc8f804112a000f1b3d06640e65a2cebd59ac45613712673b57db6","Kitchen Cleaner"
"9eaa3502aeca389db245ca6479dca7d8b7eb3ec1fced1d2b40cc75314c068cdc","Bathroom Cleaner"
"eefa8266c7110247d2d251efc2f94aad7b1864e56f7066420bcabb30b828c928","Bathroom Cleaner"
"a97eceb61a2052f1f0feda95b7b100730b3e2f8a1bd9045ce3132462c40f1593","Kitchen Cleaner"
"fa499fc2c3875ecb8dd8e537e78caf505c85cd99e977dba3ffe398d03d095816","Kitchen Cleaner"
"08619197726dee33b5791fa91c0c501b070dae3b6276b58fb90d55a1079ef5aa","Bathroom Cleaner"
"fe01233fb5f621dc5f78f821cdd4e7d36b983f0fce5e498480befaaacefed982","Kitchen Cleaner"
"ff2b8124d01a30d44b814b752995601d422b1ff114e4c7006ece588ec3e62902","Bathroom Cleaner"
"5b16130deabbdab1434b6bb2116f0467bd95cf58c2ea8153fbfb5c8cb140bf78","Kitchen Cleaner"
"7df301ee691eddcf79038c8362aa62651d03ee413b0e4ba32feb48d2edc0bc0d","Kitchen Cleaner"
"52bc7f1c3ed7c43e2f87f75227192f2ca4b5fe177473a5ef564979a06d45c10b","Kitchen Cleaner"
"125f5408d420b1be56db2b00a85c3a4743246b9371f5cfef24a2683e9e0f2062","Bathroom Cleaner"
"c7d5c4689f3e4bca2d411683c1661f6b3bfc4ab4620899516aae4d0858410f98","Kitchen Cleaner"
"2667b82334458b35f501bce24915a8d890626f9a74549e6226d7114369432195","Bathroom Cleaner"
"8d2cc41c811d7f617107a00c03ffcbafe5eb200dca3294cb0a60c0ff46ab7f3d","Kitchen Cleaner"
"1c26bb2eb6c399ca08c6fba67982e72f5f566de751ca6565a30e701e1a6f2179","Bathroom Cleaner"
"6d5c8b7270eb99e13297d8575381946b1abec4d1d83a8c0520bd4c758060f28b","Kitchen Cleaner"
"5190380f0553d8ade6de4c29cf3528166ae23db9a5f729506c94c44b3809d6b8","Kitchen Cleaner"
"91a1fc45e055fa8ad2d143d0f71a6f91f3bd08c314610fa3f3d8f26cfed9c349","Kitchen Cleaner"
"9039556aa8c9eb583cccbd62166e580bf6ec7c5d25ce24489e004aace638cf42","Kitchen Cleaner"
"8b73592d0ed57562713230748d4abbf918821e03c29789f9a47a0aa5b38bfee1","Kitchen Cleaner"
"1b213d4f15ab6f8523de9231550c0d098a38bda8d670fe77d5f83eaee72fa4d2","Kitchen Cleaner"
"37b090a8ca66f910b60eae2358fc023336ed63d61b61506d2bcad7e1d1b1e085","Kitchen Cleaner"
"38eaa4711495cf4b2ba3cfb887fa71cc7fa5c42a64ff096602014e7251cce143","Bathroom Cleaner"
"051f62ed990665b4469648cd72f870feb30648aa6e9cbab33f721ffabc1588fc","Bathroom Cleaner"
"c1c14a891be69f22f64d047aabc4be611c1fdd3afdd1d984138d6fa7c36135bd","Kitchen Cleaner"
"fe99a3bba331aedbde80dde2fc72419091310441b922d346c446d15c09f9b181","Kitchen Cleaner"
"85a533a2d6174f62e765d89ab2178cf01fe19bb8f5cbb937061ef415cbf1ba6f","Bathroom Cleaner"
"9731c3e2e1120ecedca85968b01d6e19597eb09ac11851ca644587b9823209ce","Kitchen Cleaner"
"8c01b0fe86fbe7f0a9333d73cb83a5c613507c04ca2f4656d520ea920124b763","Bathroom Cleaner"
"bcbafd90b9038de2a76d2ae88cfd5fd63e6a35a5ee8f156debb204218d020484","Bathroom Cleaner"
"1e28eff7f1c2a89b2c1d445990598b0ebf9d28b3af9e5623a34fefc2af3bc151","Kitchen Cleaner"
"bdeb91cd374baed515292ce746ec9fd87e5bafdc2324dcb9fbfed9030bf1bd9e","Kitchen Cleaner"
"3a5f37dbcbb41472d783ac6f50f3d64a4a9d377b9ab517374d7bc8f6304f7032","Kitchen Cleaner"
"6e4a91b3822717a0d8a9af2504fba5f3c0b71076d3ae1c2d4ed9254256dc0b22","Kitchen Cleaner"
"c79f99c4623b08f930813360d3ad891b60effb78b4dc3eead9325f7c08ead0ff","Kitchen Cleaner"
"ed6d2786aa8f881605650b97eb85e0e39aae36e549a47c96992a8c1b110c7cf8","Bathroom Cleaner"
"0f793775dccf1a562aeefaf7e0e93d9a0a5006acbe5534be3fb8eb0b1c91d47c","Bathroom Cleaner"
"8e587a00dc57c25b9cbc6ee45fd2d58c4fbda05988fd5e3999c8a57261661715","Bathroom Cleaner"
"dc990696d8720fbc3821b2075193e8ffdfe1169fd9365a9267ffde9e5ca83768","Kitchen Cleaner"
"016d3a244d8879d19583b221ed78390b02b8faf2fae701c91d0a03b6aff77c2d","Kitchen Cleaner"
"1f8eb9b8252bf994ac18da03dad9996f73195d467f228a6812c4c6148a824689","Kitchen Cleaner"
"7b6494a591422dc7ab7ff3bcec02c9249d73ce6961d14c9508b1c19384950f0c","Kitchen Cleaner"
"fecae69c752ba90b59278e2cb7be1a8557721958bfeed9ac96f0088c849424ce","Bathroom Cleaner"
"02d43f10ec84c420d9dc322e5c7c7184da471606e91555b5c37a4f5ec69bc850","Bathroom Cleaner"
"3f64378bbc36e2ff1364aa0335a6d7f7a849851236f07e19489479249dc6b1ae","Bathroom Cleaner"
"f508d4fbd9c10e205cc8b3b88326bff3dab531fbc645a02440ce38408ba1aea5","Kitchen Cleaner"
"b07d4f834327e906613e66e10be3947f6a0d094d192ea70541a9299c522ffc84","Bathroom Cleaner"
"035e54bff9da95ed6b5145e95a41d3bf3fd0fbcac1d323703283792f1ab1b2d0","Bathroom Cleaner"
"2c9d5bbb08085f794607a34223f93dd5bdd323ed4f2fbe6bca29d77ccff9ee4a","Kitchen Cleaner"
"6e583d7f570270ee3ddf2a59cc761e557f99eb67768255ff385e2ed6bcc03aeb","Kitchen Cleaner"
"5a411c43c2c6e1282f0370e224c19a20720827f89ef889e2f509a0d23b0cad37","Bathroom Cleaner"
"1613a8705cd5ac8c21aca0715fa5719d090cb592cd233fe4f75e9a8de7fed5f7","Kitchen Cleaner"
"8696a4434d141df64c55537fa2a89551c41a33f78f86631f4d83a2f317a61baa","Bathroom Cleaner"
"92a03998123b15df030dc7e4a3ed838f574951bc268fa816e49ec9886c16a2a5","Kitchen Cleaner"
"f61dd6f159cce956530a9a9854fc938468baae141bb2f7150543348632fc134f","Bathroom Cleaner"
"2e9912d86f0cd6312fb4b59e6978f4c9b32d130246cafa35ad174ba30aae04ba","Bathroom Cleaner"
"669776036f06d7d81922b742cf42d5701b589ba57ee3a2f4154d1a5a5461ccb3","Kitchen Cleaner"
"b994f79a61fe1586e8cadd985f6848b6be46425a4c3c648e79d877624f4dce2b","Bathroom Cleaner"
"bcc54fa8f52b3c6b6ea0e339e5db49ac7da05ee54ae25424507185b33851b740","Bathroom Cleaner"
"f0f5e8d9dcb7992b04b838995281102e69ad6aef2773518891f3d3fb9612b184","Kitchen Cleaner"
"fdeea5690dcb2fab5240a7fa3a2ed7b641aa2005b00df53c657697e198b0057d","Bathroom Cleaner"
"f15ef7b7388868692013c35effcf3c8671fa1242c2d3d8bd7e20548bed3cc0b9","Bathroom Cleaner"
"bf370ffe44929bf768568cdb3ae4cc35bb6b31c8738fda9c8fbd107db2822014","Kitchen Cleaner"
"007374de590b5057430e0f0f4729d18f148018a40e2dd0107e5433455ed6acfc","Kitchen Cleaner"
"e759447c0c2b2c6b3002687e16a6006017b4671910b4a431457aad01460cc46c","Bathroom Cleaner"
"e22355e3df8902f1571546368f77c73847892ee1a0f39d4b4fef631a23ef24ae","Bathroom Cleaner"
"cf4418761983e541a27698143041621efb5809120f665b496f091f41591d4102","Kitchen Cleaner"
"b948960215035cc2925a17fddba2e81ffdbb5f524651f4e6689e38ad24ea956d","Bathroom Cleaner"
"22b4d3b739115a4d2a16798c3861fcf0f4fda176af864e79e3f6bd7276594061","Kitchen Cleaner"
"6c580ef2b86f484fb94998c5ed72eff9802a9debdf5cc5bda87c3c9e0f0f8835","Kitchen Cleaner"
"3f9b1333947389f36e130d3eb504817eec69071eaf9476127c025c0c40e58a5a","Kitchen Cleaner"
"54e5b4393dab75f35148f1ff365154ccee50044a604cd69840042e805670b59e","Bathroom Cleaner"
"b378bcdb1262a12d427269843816315b0bbe8761e8187cd5ebcb656a28a496dd","Kitchen Cleaner"
"3640a43290055421c4ca58539d1723e7256103960a30cef4e3a1b343bbcee9cd","Bathroom Cleaner"
"35286d0f430deafdc5c8e6f1206b1d3ac1fe6e05181a3edc3b1e1ed1ff11acc9","Bathroom Cleaner"
"d59585e088dd0e0e50f2b8aacbc85ff14343253e4c0ec6ddbb9363abfa281383","Bathroom Cleaner"
"acfe133f5e56b69327fbb5a106dfc646eafebb6abf1d354cbb20ed309af85023","Bathroom Cleaner"
"2aec4dc5734eefc1455e6eb43cf7c8974e2e01071fe46f560d80bf99825fd40a","Kitchen Cleaner"
"5a7f35ca0112fdac7ff63353c74f049268ef4d1a7acf7993eda380e4006acc19","Kitchen Cleaner"
"e5fe06ada3a7bf9646fc71cf941ce2ae3b2bed5a1694aade7181237eacf7a36b","Bathroom Cleaner"
"f66c64e5dfd6b4575a80033587b6564c88747c48e7be5f30b7e086c4c09144e6","Bathroom Cleaner"
"414043f04a1a834762195c4101b07b121533f37de1968765e594822e11669f31","Bathroom Cleaner"
"f4f13dcccc65ef9d328f4142c317f85a9b5cc980a1e81b4085f724ef0c4c706c","Kitchen Cleaner"
"185ed208e5647ff350f2839d6b1fc4cd1e6af7bb2d8d15ef34367c459ceda916","Kitchen Cleaner"
"c274ddf0360f8f486fe09f7c115e69e82d9f4687e7e4deb74d61f19722dafead","Bathroom Cleaner"
"7a632fea437d09fb27ac50820017e107673944aabe0cce006f742e2e75b4dbd9","Bathroom Cleaner"
"b6fb04847a33ec3137e64fe98223fbc0a386502ec88cc613420ad3448fa41679","Bathroom Cleaner"
"8e59b3614ec29c40eec5c4c138db60e732a200190efdf97a27757226dd98ce7f","Bathroom Cleaner"
"2564d453b5699f138a2980b683eb73243b6bde500bed968ea69d9636625a1f37","Bathroom Cleaner"
"365dbdd1b628d9dfa50f7095569f07820974f00e7650987bafa6064a87973320","Bathroom Cleaner"
"6253759b1fd81a224c25b7c93c7488153f8e153ea6f39012087962ef6e4deeaa","Bathroom Cleaner"
"bba604045c208941f39025bb8b1e2c19f61ff05b6a289479bd34ed256771adbf","Kitchen Cleaner"
"c7775558b49ab93412b3846132564036c7cccdfcc5622a163c07e785469cc736","Bathroom Cleaner"
"9748e680e0869ea7d2b9c3730d44a0614c04e2b0a2f95088fb221e69be66eb52","Kitchen Cleaner"
"f597807dcf9e1ad6181803bdb8fcc033d506ab6663990fdb764cba594516d9cc","Bathroom Cleaner"
"777d8f1c69ee37fa4d94ea07cbc931914a1963c9154b18a1f1177247c93fae26","Bathroom Cleaner"
"b99220b8ab0a86df28bd46201af0d3c63ffd1251524f9e098822fafb010fec2f","Bathroom Cleaner"
"3a467209b1b0d63f41c8ff1d7dd850bbe0278091cfa5e0b300a78268cb9baee7","Bathroom Cleaner"
"b6f4178f38b32aaaa384f0ee0757dc731a0745cd9e93f3c3b743dde998b02995","Bathroom Cleaner"
"56f3bd8852e1c3870e440f05ec24643f63c590fae3b0ff0ca367c77c33d4a6a5","Bathroom Cleaner"
"f1d11434b5eb57a9f30193810090f237a4f6d0a5fb61c55e8a59470839cc41c3","Kitchen Cleaner"
"05e68aaad522b0e4921b5474531951cb31c924127d5a510e539e57c75f101f12","Kitchen Cleaner"
"cefd92438e3699e7967eff9e4ee3fa38c5192a1959cab034ba4faaed3f316a22","Kitchen Cleaner"
"c922828a38ccca85e80b8523cecb2c795338cde56fd8e6fcc2d4c01315dd7f3d","Kitchen Cleaner"
"548b77075e58828f369eee7be24f094c50b4c07d42c4a7c501054645e3c4340e","Bathroom Cleaner"
"fc04d31a8a87e48d1c3353d602aa8bf17f814115b93f09d9b2c62f0c177b6bfb","Kitchen Cleaner"
"ce85b2c04f7786e70804b51b4ec75fa1762a635ef7d8ce4ee6bb666d9157ced9","Bathroom Cleaner"
"d4290f7faf0da82a557006248916ccf189de9116abc9bf28da33e272e2c03e94","Kitchen Cleaner"
"f2b16119d99777dd60e1715176ee94570cf05af00f362c698e6c0507b9a993ca","Kitchen Cleaner"
"ab87ec23b15c614df870974e3c1d949cf0bd04026156cb808b101197c32a8fcd","Kitchen Cleaner"
"3e56b10820d666bd2e1feb1759fc91d7a0d8f1bb5252d94664e20c9be1c23779","Kitchen Cleaner"
"0d900c627bf9b5425a8577b17b3cb85bc0e3cedf126581993c29de4d31244150","Kitchen Cleaner"
"377b6f1e3167be96b75c3513240e4e949fe05e9a92b9ea6fff1531924889fd7b","Kitchen Cleaner"
"8d2dad61e8d132077dc719d03315885b9cf70dcace309d3c23f636acd4fce662","Bathroom Cleaner"
"1c253d7671b5e9d657fb8d661163a6d0b3768aa5ac12dc794ad74fb22486cfa5","Bathroom Cleaner"
"e9e963af411f7e65c355fbb0390562245f8ae1d5ae71a12b86f3c242600effaa","Bathroom Cleaner"
"bc46add65fee8d6723c623fa079bf391ae3c9bcee39d0e8ac331d10f9a0c108a","Bathroom Cleaner"
"a2dcd4a371b3c2ac524584bba1d7d46c024803d1967b6eee3c9b90985c9cac87","Kitchen Cleaner"
"68b4c70ecb5619f07d6c02980deb1f48148b52eac3885d031e43c6597c11e1a8","Kitchen Cleaner"
"936d60a5cc42f744f52244377f7114e1aad6fc4d719bceec9f2594b2001723bb","Bathroom Cleaner"
"274b56b711dcdc9923c75144a46ac790dba4a5e05de0263ea1fad212bc050d66","Kitchen Cleaner"
"8210cba7b6d27ac6048646f009c12e6fde7ffc8fceaa7373f7e67e5501a07f82","Bathroom Cleaner"
"08c520862ad220df0146642812c5c49cd078a2bb37c7a417a1fdaed51c2fa73d","Kitchen Cleaner"
"d92cea26ec45df456d84cde35a28448cea26fc933a46763d20927463b70c8829","Bathroom Cleaner"
"ed33d676548a189999f8113559662c0f8487af39764ca9794130a5095d27fc93","Kitchen Cleaner"
"305f26ca42741a108d04b7fcadcc49d22689f74cf71f6fa3ce106578e99548f7","Kitchen Cleaner"
"2b196347375f52064318b26378803d70a92665e96dbd0f35e144452cb5fc3e5b","Kitchen Cleaner"
"c81d5c662d710adf19404f0c4597f776ed352ec6d6015b7e391c0ac09b885192","Bathroom Cleaner"
"3fc760c7b659eac239e480777cf88f66cf75c6427b3251faf431b6d02c6cb573","Kitchen Cleaner"
"721279c711e89dfbff6750abd1fca37a832ffec16c0a95d9a2a3e1e4a0bec35b","Bathroom Cleaner"
"a2de168809045d32d6bb23735c34b215dfaa7534a53f2c9c680caa2bcad214c1","Kitchen Cleaner"
"a70ccf9a50a38322fc0e32f255011a3da21560d85381ec56a54ab76ff153040b","Bathroom Cleaner"
"1d76ad5b3527d8429e0d213bb849b423af9c0e615563d588129f629dfe1fad37","Kitchen Cleaner"
"bffd38ac1bf746443c3631730a0e2974eff810d1ae99fb8bfcc6f6e225ac12d0","Kitchen Cleaner"
"02e8f15eec6db8f9e38e36c7ba5f3ae39fb6aa3ce0cf069e3b4398584dd018c4","Kitchen Cleaner"
"9d63ab6feb592c9af059893d80d8f06d0ae068ae0420351c75d888544a8a4b05","Kitchen Cleaner"
"80e87d11bb6f0f617827a40071a911c56a6f5823cd471b32e6c4a2864096b796","Kitchen Cleaner"
"bd2b50cca2194369b7fea69f6417598cd75d8fd6ceeb514a55961580e6042f4e","Kitchen Cleaner"
"8324e0257eedb7a749920b4b722c64be2a6416005f913db910d9ef68f788d543","Bathroom Cleaner"
"d450b56c3b9b3bda9d1e17fe0f381ed3bd2b81da6de5028f32b45368e56fdeb6","Kitchen Cleaner"
"2eeb0b3ef2467f670b0511f24abd2f8d3e61686c1fe5276260fdf1c313009aea","Bathroom Cleaner"
"825f37c4ea2f51658e1d07738d7b034eaf90b112a0c543250568a05d4cb7170b","Kitchen Cleaner"
"67fce5bb15baf41c2fde66d5c73883e74b9ec7f79eb01cae37e88003d1149ef4","Kitchen Cleaner"
"bcab89d68cf4a4431fed38f6bf444cbb5ab39fe2adc39a4847043aab63378d7a","Bathroom Cleaner"
"9811759fdec70164db8aa012b2e5d37bdc2d5d0a7c64e34ae3236a116e486fb6","Bathroom Cleaner"
"af3382788b3d1580e930d6a3b269550a65643570fdc19a62f644dd34f15f5e25","Kitchen Cleaner"
"5b72284ffbca0f8aaed76b501af070a023565c50d13425dd56e1d7d90af901b1","Kitchen Cleaner"
"d59fc73d670c3fac56671b0c172a51d0244715525975faad867f990f3122256a","Bathroom Cleaner"
"9f7341cd0c087159ac0de0f646440402e6e0e87b6e31ff03e91dc8cfa400132b","Kitchen Cleaner"
"f8991b76b214b98715fba8c916167e747f34ce9956745412b4e9936f5a2c2e59","Kitchen Cleaner"
"cc0ca536d351494dae8ed72a3072f4d352746e7f43a222c7fcf817f7310563f5","Bathroom Cleaner"
"8d614cbd6fce68afcfb7b9a13031c6221fcea2f5cb8cc0838fa743bce31ec2d8","Bathroom Cleaner"
"a45ab29b1b25f1d093052e22a6c0175b0d646d44887798cea1d1d9aba62df34a","Kitchen Cleaner"
"e0315793723c1957b1da1c25488372ccd9100fcac6fa1047d235e06ccb307000","Bathroom Cleaner"
"c6b93c28e326732a69b13ac37b0a715b3552d68af59ac1655e01fcc72ee5342f","Bathroom Cleaner"
"a1117fd66a0eb6b30d7991e1c55e975b6f055c247deb028b3675f7eafc69503a","Kitchen Cleaner"
"5f48d80a0ea787ab78dc89684f56170ec2afe8cd7243b6b89b6186b22370f311","Kitchen Cleaner"
"0975c28fec8e1ef789bfce8af4b2691301e796dcdb32b4af1d115b6dbcc240bd","Bathroom Cleaner"
"1d48674c63c6d0fbb3188b1a07c66e597ddbdf665e3b5d24f030d02ee26877bc","Bathroom Cleaner"
"261fa2ee2a8b3c1a1d7e97a68a9bc96739c66da1f1663fd502bcc082a4d643bc","Kitchen Cleaner"
"443645b6c29e163a26214a2452414b60b01bf8ba3eb014f6971b0459fe58b6ed","Kitchen Cleaner"
"00b237cc566db62749835d0d78c76021abd70f96479eca1a610006647f89f523","Bathroom Cleaner"
"0c187308f32554a67289c25fe7ed619943448754e5b1de1996d10bd9530bf47b","Bathroom Cleaner"
"39d11922b2e4568e81835f006f0b4cc63b270ab4ae1bb4e6c9c89ccf50375fad","Kitchen Cleaner"
"622d3d3efb3a4f89d5eab890623ffe39dd5b6789bd190262f2c7c2ff301552f6","Bathroom Cleaner"
"ee7841733871b74df539aef572dba1cc1e1f4b05a91a26a5a6e753244ccbf8bf","Kitchen Cleaner"
"8ab0e3fc21317e0c33bb00588e5a10a87526b9db08a5e91171fba1515fadbdde","Kitchen Cleaner"
"802d7578aed949431c93c7076ea0a59f5e6a457ab5a433d2b9f529e65115fcec","Bathroom Cleaner"
"ffa472faeecd965d51dc047473cd25b567890978881992c6fab4ef608e0659a4","Bathroom Cleaner"
"73d5ebfa60e19a708658fa14e6132ce21a3bc4efbd90d0df6259ce2c23f606e9","Bathroom Cleaner"
"36dad254b287151123f975470e8329a3a6d6943c96269948615589c67d1d8bf1","Bathroom Cleaner"
"4ccfa52473c4a83e65247166344b1179bfe95c69dbb93bf6e8f8ba017ecc8259","Kitchen Cleaner"
"7965363d8435ab8c26a7fa69f00cc335222097edd52e4ced1c6e71d3c1396ba5","Bathroom Cleaner"
"677b5dc248d5190724ccd958d33959bd56e1bfce21259b66c41fb607ea3bad4c","Kitchen Cleaner"
"92d7d45f716105e92ab0b9beae652912312642a998faaf6a7920399cdd32143e","Bathroom Cleaner"
"7055b0f008419f25be667c7e64584f52508455600b601252ac59fa7b958d7516","Bathroom Cleaner"
"485d6815523729c35d57128f23a7ab208c770dd951d12b8511111ffbf991078d","Bathroom Cleaner"
"35973b0034923d17c50829952b0d6f66a97026f3f4a836f88fda62e686be5fa8","Bathroom Cleaner"
"6c4a55227c3980ea60f335b22aca616e094774ced072f5dbdeb460043ce4ce7c","Kitchen Cleaner"
"c31f7746f6601be6f7fffe092f9e25fa7ee425c425f040aff9e59ff19a939309","Bathroom Cleaner"
"d73e2a890198f8211bf96a0814eb1e743d205c7fbd8c1d0f53328bc6429e0006","Kitchen Cleaner"
"3f8df8f95ff36ed6e26d44fb67494ac640d996af9fa9a729bfbc9978789c78b4","Bathroom Cleaner"
"26491ef132453ee8c7026ea0d87e99c675f1736b5fd66369fcb62f465a1566a3","Bathroom Cleaner"
"cc5565b024f7c54c6d7348e7c1fe83b9c55e45b4a99ea1682bb4414517c03931","Bathroom Cleaner"
"313f64975c722bd595c7215f7cd8fd5c93cecd8936c47020d12fded297ed170d","Kitchen Cleaner"
"36fa74ba76ce1c2f2879620bd9ba19a9287e7338643d464a53039e15e01ab6e8","Bathroom Cleaner"
"7cf550bbf7a11dd2eeb6fbdf9013503346a163918b96196868b83da4e8bc35fb","Kitchen Cleaner"
"4a866b987aad11f4119f1f495742876037686f48b2b18fe591357af84941935f","Bathroom Cleaner"
"7bcee10eff98da9b0af1e39a4083f54e22484ca95e6988a4a553568816bac15a","Bathroom Cleaner"
"8dadb0f04eb029c0491bcae22ab6e4899e8b7cdffdae5e00d991761a20f3c127","Bathroom Cleaner"
"b7e53dfc40f8d6b7b793cb413aa894a534e824444d236684f16d7902ef232b09","Bathroom Cleaner"
"6ca820c1778d3a458c6036e5c3ce352dfdb53063d46a74396dfe7591200435dc","Kitchen Cleaner"
"ac10658daa5ed192645d708a6a8f6c28ce597ad335a5d6c2584c21f7ace41195","Bathroom Cleaner"
"3e98f2f0ef25fa8bd2e53de0391b2276aa52f188143b13de4374c36418552400","Kitchen Cleaner"
"752ee9c7625d6f215b1cd0e9e3b8f52c4cef0deb811a0a9de78a18e27b6a0805","Bathroom Cleaner"
"9849f6d0937524cbfe0dea77a492ac1a2b8a1a4b3f67efc8090457971b10e29c","Bathroom Cleaner"
"809398ca964c1689f78d73e40c09de8a63217d0f133ea34890adb47b9ffd8721","Bathroom Cleaner"
"1a04bdf4cbdcbeda79f31dfad7eb95ec38e2da50784bc2b4bfd5bfae35a560e7","Bathroom Cleaner"
"d4c30aaabef9de1a7d92408175e6c2e888fd97add10fa9cd048d92cc96e215a7","Kitchen Cleaner"
"0bd3b402ac69342138d8691e94c2c018f0ac9e795866a393ff1c4c62875b2e8c","Bathroom Cleaner"
"a344d441f2c2a364f14351f6f8d18693b3600e4bb650f2713ac676910b5d6208","Kitchen Cleaner"
"596bdc62588bd8c0f02a6f5f6b41696c575a6c93408730f91e888fa25bd52e3e","Kitchen Cleaner"
"8e09e72963d07f15dd857221de71803cd677130a1a70f98270a864b236e2923d","Kitchen Cleaner"
"bb89b53e887b75113040c74f834b7a678373167c11d702598c94e9069f1384af","Kitchen Cleaner"
"0468d96def43a8aaf9c9836dac48a7aa9e705d4dfd7004478cdeadd50db7a142","Kitchen Cleaner"
"1539deb08f562a2db07dd8493273b76e61f9319b855c5e69501ba330056ec391","Bathroom Cleaner"
"ade455253c078a4bc575fe7f9857f4cf78c58eee8b5b5414165e21db2360c397","Kitchen Cleaner"
"9b4e59775993cb566096405c133f7bc1424d0318743413d566ed5d5b235aee04","Kitchen Cleaner"
"bee499b7d8f38cf771d920fce22ed4b740366fbad51144288b542045012fcd9b","Bathroom Cleaner"
"d859e696d83606e8b344ad1b86c7cb43de5fafe12b945b0dc526e4adafc674a9","Kitchen Cleaner"
"d30b2a2b8fc73361214001f7abb72fa18554b3fe3f190f274afa977db2e0d147","Kitchen Cleaner"
"6f6e04f3e53f1d4de5606c772733f496033c71a7cb986c6349126be46d10696c","Bathroom Cleaner"
"df4e319967a1b3b9943dbf56d57cb1cefe7fab4f0cd2aa22f9c86a32c251c04a","Bathroom Cleaner"
"5c38a0eb7b0569527cbe763059514eff9ff123773fabfed1c90b3c9514b0cf91","Kitchen Cleaner"
"d0ead7e198abeac3f617ed8634fd2bcd7e38af47f4b9f7cb619f0a9f493c684d","Kitchen Cleaner"
"fc6e103494a6c2b3448a78ebe333c618405181ab6087cf72a23bb354e5eb235b","Bathroom Cleaner"
"9526db627809fdef211aa8d8d47b4ecb7a3daa7419aca0b3568c29999065f0dd","Bathroom Cleaner"
"7ee69ca277dc593f946a41f7ce4434891019ad0c218dd4250205a97a1d7f906a","Bathroom Cleaner"
"10c2170dbbd594a80a934c3a16e71b1d1dcd3db69eb12e9a9b4ee33cd95c44d6","Kitchen Cleaner"
"36907b23cf16b5abbcb54885386a16efdb1e1f039d773606eb5af45a78f9af96","Kitchen Cleaner"
"52498679abb3662c293046b48233f1a27ce707e8c91069e4e8ff1b604f577eae","Kitchen Cleaner"
"6811ebbb6c6a28d1b8464cabde5447f29a8363428bd6b6a9b975edb31e82028d","Bathroom Cleaner"
"47c582f5f9cd5a8eb6f8a1af1181ee3a0bfdbce1acd4c039efc3fa6f965a36de","Kitchen Cleaner"
"de54fbe55e4b26fc5fc8f0942f0aab0e9f8291d6ed10c6f4da39c7da62523bfb","Kitchen Cleaner"
"b2efb6c5c8e3abd1f4396d2c2a689cb6c466185fb211d3231ec0e0f3f020ba56","Kitchen Cleaner"
"325e638f97d0698a3c0f94feac1dbef03c6fa15ff0e44d7f9989ba56e1183a6b","Bathroom Cleaner"
"2eb9ea4bda0e23c02a186e48ed895e9c0a1234de18512c8126c8c2b9d751765a","Kitchen Cleaner"
"79735f28e05f868d26fbb5fe615ade04652cdba5d608d245c5f235db1648d319","Bathroom Cleaner"
"50e848cf1eb4ee070c7d518e6e49cfc8666f0eb2fbb001d55fff21633aabbe73","Bathroom Cleaner"
"06ea7e4066f39ba9070ab33d297c115513be9564cb846bfbd8a45e9ccfb33ad0","Kitchen Cleaner"
"000d61d94236cd96326ef10e2c3c2c3030779d2b61bdba8d0d56a5604ac2c534","Bathroom Cleaner"
"2bf816edbeeb0f3bc1ee9655d053194d3be8de6187977f2a6715cf55c9d2f778","Bathroom Cleaner"
"ea040267ade3abf19ee56d74987ebd3eef4eec849bae90a2b95d0249e6774e72","Bathroom Cleaner"
"27136a5323aff9a889d211e096ad98b8b50be8a3d9598d4f91acd5fd3af06866","Kitchen Cleaner"
"e417cec1b2b95cbed2b3dab9666e8420a7513671c348b456619c5a64ea0b2eb3","Bathroom Cleaner"
"f6198367deaf533352fa8e74f818ccb0a1bf2b74e68f92cc7a9e76bb91f70583","Kitchen Cleaner"
"af6046a2059300fdf295a3d9bbc6151c8e27193da796f53ca9d52a00e7c7c046","Kitchen Cleaner"
"f190d4d00f7df7fce03f48df54e1708a4e5dc16335622eb8c9db42d93a82c5f9","Bathroom Cleaner"
"8b8a5ee7dc083bc880133ebcdd73879305c7718e928d3f79e7108cd205569b62","Kitchen Cleaner"
"4baded7a1493197f2306cb2517966e6ae04a766115f3086ff849a6919d98476e","Bathroom Cleaner"
"d32179defd361c99f3d341cacc4bd36c58876c256daa63c15e3111885f32f154","Bathroom Cleaner"
"ce4ac58a955a2c7e90b2cdddb6b5f11c9633c931186047755d82a5b8c2ef9c5d","Bathroom Cleaner"
"b1236c99018fdc26710c5d9b2536392d3560a4237abebccdae75a65e0f9ed3f6","Bathroom Cleaner"
"27942b63b5b4f3b500a67785ff425921b681f588bfcf56051cbf8038a6eeca5d","Kitchen Cleaner"
"f50eff708c43749e6008399a56ea96b58b4661a228373e5eced251b87d2f2059","Bathroom Cleaner"
"7d70ca8bee2cc92aee39bb48ceaf7401500c096b429de49a5f09781cdbdaf5e6","Bathroom Cleaner"
"edb17e2d36d32a58f75a215976441324a5756359e86a3c8cbf86c481b0794c49","Bathroom Cleaner"
"4138d67678d2ed023758afc5559984bf68ac8e2b8bc2341020608a57e54389c8","Kitchen Cleaner"
"d2ab306001d50b8f6705dad9bd7ef706ae997edb3211ba618ac772d78a7c8ffc","Kitchen Cleaner"
"4dbcd5b2281fd4b09a50cea6b3187f1b7b7a7557201bb2be5cf6d975789828a2","Kitchen Cleaner"
"3ac8d0ff69d04e5610fbf6a70d737535249d7b7eb3164502d5e5375ccb162fc7","Kitchen Cleaner"
"12a8efe190409876288da235dd8d6521f2ae72d9fa336314f0efd3effbb8a2ac","Kitchen Cleaner"
"206f3573116f89cb04ee006a23569f5176829068cbc22f262ee73bde250d23cd","Bathroom Cleaner"
"ad99643d7da531a3621bb37fe277331c4b83f8d9df7d2c7fc431e22088b80e97","Kitchen Cleaner"
"d8b53ecc57ab32ba4b839115d659d079460694084ffa0892ef019ddeb9abdb3d","Kitchen Cleaner"
"4e8be9598104d069534f3e3ca9c0c6af5ae87050b5411bc0b5e33bb529c76b9a","Bathroom Cleaner"
"983262e4efc0b511fc5485c803e1ef81846ecc6483da278ab502d3cd6500ec3a","Kitchen Cleaner"
"ab599ce8cfc0288dd2f78452c85abd10357e0e1e11b50b60bc3626935cb6ce17","Kitchen Cleaner"
"b5c39bee32044e31ac083808e3f967971814fc1ebc6ce8f96c1e29cff582ee3c","Kitchen Cleaner"
"5758c6455187fcb2dbb71b6cced3a195886aafa5ad2b401be495bdbb37ea0c49","Kitchen Cleaner"
"c11788f266ed839c11f8f4f7c425aaf656e0dfe5ecdf7d2736b9ca997f40cf9e","Bathroom Cleaner"
"b60476b87882158fa0079174c68914562d5b7aacdae03c125875f0fac336c104","Kitchen Cleaner"
"abef43856d58ded3be5f00c1650dd65fc676342d5ad5720c599eedebc23eaa49","Kitchen Cleaner"
"5ad48a7e4ad94331540aaee49973f2f5fef58b7fb0c75fd89cca4e3f572681b5","Kitchen Cleaner"
"67600770f3ccc48efd2c784b5ee615ed1b4f3aaeff0906937314d0c4fe2a457b","Kitchen Cleaner"
"739f9289463a0de1f88081964de15ccab00b06281e7de1b1ac762d57fb9e21d8","Bathroom Cleaner"
"ed80b0cea0305240ad2ebf8fc8f67cfafd5bff9efa8e66bac58cb656f7ada110","Bathroom Cleaner"
"0170887d9bfdf5e2fe2737041d305a0aa3bddceab58e47efe9d281652e6d1d58","Bathroom Cleaner"
"bea4e7b0af743f54922d22879534e8bc7a3bfa681808edc88b15df1bf5b4dfb1","Kitchen Cleaner"
"d387cd0cbadae912c1cda6abf3c1cad8919e022dd9dca2e71bb3769e65b1b9dc","Bathroom Cleaner"
"7cb22b523a3ca65ac714d66f0cf386356cdf2342055bd2ed1e1e05c253ed93f4","Bathroom Cleaner"
"122c42535a2880b3708f012f78a766e67acfa997314dc27323a3b49b643b3cee","Bathroom Cleaner"
"db060cc8854c51611266bf2df9b6e9b36a83745f8b8aa77c3d12172b0b45a308","Bathroom Cleaner"
"a0880aeecb5aa0f434ab43a606977f3c10b933091dc2fe80385e9a62ebb8d59d","Bathroom Cleaner"
"8c964245794483d87f7663543e392ba0a559d622659be65b4b664beefad06b7d","Bathroom Cleaner"
"4b510bf594d2592ceea04984838cfe826bf82c3258437ab200f5d95ffcabdde6","Kitchen Cleaner"
"511ff67b8f4c112fa7941a0cafec999d809bfef08cd0d3f24de4f765fccba4fd","Kitchen Cleaner"
"fe0c9edd30856b416010d869a6aabc723b8f0493bdc18fe1e70c983e9bf55224","Kitchen Cleaner"
"ba561f3fad933617bb6cbad2a6361a207e4687d4238bf6beadf07b36908d7e3c","Bathroom Cleaner"
"f7c8eff13700ab66879d586c40e471c8fc5f2c694807ae760d58015e777cc759","Bathroom Cleaner"
"2325853be1a8c259299d914515dc53e2d6099bec7374a463c7a20b687a2231aa","Kitchen Cleaner"
"710398a14ee509bb01ac907fda28bec26404e40a1daccf5d5e9332c9a7c07061","Bathroom Cleaner"
"be883e6e55bd408c598dad4c71c0e8df956c918f6cd846eb93b33a39bea6536a","Kitchen Cleaner"
"83fb9112130201f0ab725270522b300dab6010218daeb422a05dcabea2cb3997","Kitchen Cleaner"
"4bd243717d92a5f2756f49049b3da791c0d0d29bfb5406b1c7590b308cdd40ea","Bathroom Cleaner"
"d855c48a7e30ed07ba1d2d2a0f077d848e291f953ba3f748c8a973bcbf4bb942","Kitchen Cleaner"
"68d7d3cbfb2b4a11c48656071fdc1964ca8aea818d493359f48356da4d44dda2","Bathroom Cleaner"
"925cf58932c9d1fccbe3b22c8eb1e4adb6125774b13aae1a23ec32d181ed8391","Kitchen Cleaner"
"2e70b685b2eada3fd34bc34c84837990fae063cc5745e453e54ceeae44694179","Kitchen Cleaner"
"7ce94ed4199e91d59a2e0575500fefb134e725aa73c607f48692a956a1f2e238","Bathroom Cleaner"
"74c84ab98d31f208e7044f08b5e100adc1ee8af706aca450fa4c4b6c0bebd3e2","Kitchen Cleaner"
"9f64e6b2b01f8a95a02b7b45272df9ef72434bc831cc7028efec3f01c393d00d","Kitchen Cleaner"
"9ad5e5c35a5ec6bb3bb0c7bdb80af6ad0813829f963ba1bdb9adb4b97e24f642","Bathroom Cleaner"
"a88bf89cc2b6b466dc103de044c108a7e8c056b4b84bc1014e87919f73751e34","Bathroom Cleaner"
"e1669796c880639d7292c915e647366d994ca9a5de047ca699c14441061c439b","Kitchen Cleaner"
"d54cab2b07e11d6f3c875470a9e01a6ad5adae04c90c03b43f4771a9ca6b4104","Kitchen Cleaner"
"368313ddf11c372a718fd5d71ec28d65f62f76df379e3c5853207c20c06d4c15","Bathroom Cleaner"
"b3344533cee7776d4a5f7e18e93c8bc3c00ae08ab39e22d850420e072e8ec0a7","Kitchen Cleaner"
"10cbb81a2ab0715fc6a16c86da19ac4e648bfaaa22f0a52359216e7c80f87f38","Kitchen Cleaner"
"82b849df22f7bc6a4c16c30f4d5028964ffb12242480916d2d6dfd7b4c62a93c","Kitchen Cleaner"
"ac32bc47b249c2826487466bda01f1dfedc012fe96bd70266e28566aa73d3953","Kitchen Cleaner"
"8c2e2842ab2b4852a64eaa326dbf1d4fc7a787cb48c22e03879becdd35de3d7e","Kitchen Cleaner"
"2af49250143efe52cea6080ba7091b5a172591a92181e498879d828c5add5de2","Kitchen Cleaner"
"b2b2d64539d6b122ac5f6f2be089c4bdfa33e5c57dfd954fc3d3b0ad1762b8e4","Bathroom Cleaner"
"035b7fa096abad484600ef631f0a39af535d447a3d18aa3ce81230f873bcc4ae","Bathroom Cleaner"
"05d2ce21965d623ac12448fa41934acbbb5e6ab60afb4dffec87d7fd2619dff2","Bathroom Cleaner"
"af677dbb52dac7d357a84cf34aef09ad34e673f2ff45501cb63688f25bbdcc73","Kitchen Cleaner"
"f4c488c2767237be4d4ad934f39288efa59186b68b11c4f8e9a8ebf270e7e436","Kitchen Cleaner"
"f9766b854976dacdb7ba1e11e4d08f66c76b45b11ed101ab63c7252aafbe685b","Bathroom Cleaner"
"945a422b4886f8b33f019198c495904de0ef78982e2aa8d667d13b008cd3dc20","Bathroom Cleaner"
"f7d73eff3eba8d783a15ad8a893b59b9a251a6196c2b839e0816ee90f90067d7","Bathroom Cleaner"
"1c1c0f74a274d9b6d22ff0ddd4d0db893845d66d862d51a5384740751d674eaf","Kitchen Cleaner"
"586d12fe482ccea45790b1ab03ec908828d355e7410801699ffd1c87ecb50347","Kitchen Cleaner"
"f7fb531a7ef0931ab3fbdaf54cb3172bd992c6d00745fef035d90e9888991367","Kitchen Cleaner"
"bf1bee9a75132026f3aa2feba89228abcbf31b9d637671b2f44c830de0b55003","Bathroom Cleaner"
"643c5a2a0f353c6c119c128e0ff11cd1f16ff9394f89fcbd1907b45c8cda3248","Bathroom Cleaner"
"0341a8227c3e3dfc3881016f119b5e639bd64c0a02f3c86b4010861beae3770a","Bathroom Cleaner"
"43bdb5570ab1495e0280acdad2a18d742a239f190598ff948025de45b9da226c","Bathroom Cleaner"
"6ab13d79ed9f4c6936f34b51acc06bd0f1ec191b58067a000c5169fe66338f5e","Bathroom Cleaner"
"713d3799793fe2b82d5856bf36105fe941478850bb906b4ae6cae86b58b43fd8","Bathroom Cleaner"
"4ddf9122090f17ccb8625172e9dd5c0be6f1c2721dc6c6afc2890a70507fe1c5","Kitchen Cleaner"
"a36950512cb5ea54d8275c4cd4303487ec69a4fddd7debac7d08b048da69f69d","Kitchen Cleaner"
"aae9080ba12d86fcf54a398e37022975eee9babf910b59a947f76a583bd12bfa","Bathroom Cleaner"
"8b13d2c5d5de55d53ca1bf5075fb6b8a27a08795b94cec254ef5f909623d0cab","Kitchen Cleaner"
"77d6a09ebaf84f613fab2f4bfd142c448226cec4643deedf314a16f425f99d58","Bathroom Cleaner"
"197a45c62151c7fb9f6410e31d9cb37a38262448a2e7f3c7a2b9f249339a7942","Bathroom Cleaner"
"a34669d326604b596f5fbad2e937807a6f88fe854c939c1ce8ecceaf92d6446d","Bathroom Cleaner"
"444bf9de43a86275f958c3948c51ec31d927f8951b985a714dbb964786d19125","Kitchen Cleaner"
"56f15f7c951826cc50b6da3c2f3c364bb029d6a382cd47284116bff3a0b9a0e3","Kitchen Cleaner"
"e4a093769798dbebcddedcd079304638c930d3ca6e84d694ff94a85e49eee669","Kitchen Cleaner"
"10f48051895f2b94a5e3d50bfcef2f115fdcfbbcb895c7300c20db21d8bdd2d2","Bathroom Cleaner"
"89d812e0b42b2615598c3be07f4792e0114ee11cd8f59220cd2546a2c5171b3a","Kitchen Cleaner"
"346534859787bc541cf7ed9597c70c0459441ae278ada5d87b05c8cf0c3928da","Bathroom Cleaner"
"4d88c764c041c326282be83082a3dbfb3616a87022b0483dbc985f59abbaef76","Bathroom Cleaner"
"763ed1d8a1b56105ce058dc1a660563fca94fb48c643b2996e8febb7ac6af745","Bathroom Cleaner"
"1c256a0712d661ad50da4a88fbff536db77af9bc64e2db7ccbbd1126e32ad02c","Bathroom Cleaner"
"9b07b7112267756e2fa8bdf35e9d8e1d34211f2c08aa2315d4ebe5857975d993","Bathroom Cleaner"
"4da51699719f04a5de4b3a011295e629efca9bca52649b2a312b54530bb8ea7e","Kitchen Cleaner"
"baecb159bc90f648112b22711460a77c5d8283005f640322fd61d66ea0a943c6","Kitchen Cleaner"
"af6e1084a1a0381572fd12b9d45727b110b312829b6e9cf4ba717ef0471381f5","Bathroom Cleaner"
"8ec027d945008a91e76d90f9bbcfcba8154640c84eddb5af97d2e2b0b676011e","Bathroom Cleaner"
"9257b45fffc2d301117f377f653742afa67cfde5f121f323acb3d1227bd2778e","Bathroom Cleaner"
"8c707c9671d7d78998e1cc980fb42a75cc8d24bdece81c7add000f2f4774635e","Kitchen Cleaner"
"cb7a91d69e47cd96eb70b5a5f6580d225fc4f4ba5dcf02b0c5184118b5e8744c","Kitchen Cleaner"
"3c5d41d4d97be5e25c7ff83f155fc2e0b267a230c3fd601fd62da71a8e6608c6","Bathroom Cleaner"
"71c9f090e4d83e0f476ae6f1fccd4a8b9efcff7d901d89d19bae5a2bf2940287","Bathroom Cleaner"
"020655dff8171de3be82f99788f300400590b6f08c6dc809db781b9aab1af3e2","Bathroom Cleaner"
"8470e1d31417fdafc755f2d7c62e356f5a8611620f035257471d0e45d4f5219f","Bathroom Cleaner"
"3228459f771124dee937865d68710bbb066c6937a498bbb253f486faf2d43f50","Kitchen Cleaner"
"0e557969be3c2b52241e63d38c3db0238da8f2d69fdc74a5cf6b8f4cbea5981b","Kitchen Cleaner"
"ede465f08f0f296a1086699a78f168623d5c5bc9eddf3e25aa2b7877ac71736d","Kitchen Cleaner"
"6ec3ce20f87312022fb89f4375e79ccf421d29c3d3de4452a0c8abca492c2389","Kitchen Cleaner"
"f8c354acb1d270badcb4df5ab5253a3df873e4e3f1a3a1ef54f5059add286aaa","Bathroom Cleaner"
"b72ed00996df6d8e85a1df8c72c6fa50fc5d1054debfb12f493f8c90791e832d","Bathroom Cleaner"
"62348ae6f0f19a70b99c7a1751f9eace05f28c0a119bd8dab8a32799c3c6f3f2","Kitchen Cleaner"
"39bb80c7eb7ca3b2fa0a62d1baf2142985aace5fd735c0cbfcf03d894b843cc4","Kitchen Cleaner"
"895761d372d172da95521a45a5cb5b6abc502d4e2c9ba1d84f3359c56fb707ac","Kitchen Cleaner"
"1e817faa78bdff0f7a863ce06f3b805aad5f13c113cc4cbb36b77cc1ce1d26ad","Bathroom Cleaner"
"60448866564daa1d87f9fd49fd939e6062c0e0a8b6b0c51c043517aa18cf8e11","Kitchen Cleaner"
"8f1ab74750d48c1b80df134e8ffc13b8177254b4c65b656480510d377ba35034","Bathroom Cleaner"
"fde0cc72c24b9cf3f8781cd99d807875c245f522b76b457b8c136b72e2062bba","Kitchen Cleaner"
"e286b1e1e40cbfa05097244475aaf6c366978ff2ada831b899abe3f986643c54","Kitchen Cleaner"
"4d2571d2366860b88bf6e104fd25afd1e941aaf2d8eddba55a2431856065843b","Kitchen Cleaner"
"3651087a968efad8f08ff825e41ab231a5830b82d75cfc83a3a1c8150330b707","Bathroom Cleaner"
"7dd353ec45b66dd339251e055128cc6cc25d2c96ccb17541a606b1be86da8acd","Bathroom Cleaner"
"5890f2d1d7cc4e4d8ac7b61dae03ace0946bc87ed78e201c70a1310fbacd7752","Kitchen Cleaner"
"7a57dc39b1ac22b7cdcc249a882a7fc8096ef97b09b083e89bcbfffd5502eba4","Bathroom Cleaner"
"cf044fe46b2b07fd2e94a7ec50c6c4758715e92145b061caa215454f0dc0d80f","Kitchen Cleaner"
"7bee15e8de9c76671bfeb3aac4e49f07d45c35e6cd07d211b9b6718e11c8b50e","Bathroom Cleaner"
"aaab67d69670328aceebce31d33d5220abb582acbadde1249098443754858668","Kitchen Cleaner"
"bd7c741f04ca4c8635393b65aa60e823136cc4eeac26eee1b1067f2351f2a4fb","Bathroom Cleaner"
"1df4088465e35c88941132e8940687e6d486bf2ee0a6d3a0b1338c0dbce4a247","Bathroom Cleaner"
"338c6c8c2bbaf443be849c11ad38485b28243214ba6689aa49b098e98534592e","Bathroom Cleaner"
"a1d8a1b3ebd4db488ac3715936a9b1f7748473ebf600ac1f0c4c7db3441b51a8","Bathroom Cleaner"
"6cc8ff3f2d2ca2ea4a73b882a2c195c8e6e0fcb0e922bab4d8a9b17a9ab2f413","Kitchen Cleaner"
"97bcb95d9f94c86c2cff86b8459ea88ead138fbb3416070e230a8a9b6c911f73","Bathroom Cleaner"
"5000bd52ce7b28d96a27e310c79bc1683afa7e75ee1dfc29c57b72492b1475ab","Kitchen Cleaner"
"06f4c240572652faff688acabfee6f3d45b524c8faf90fc4965fdc47023444cb","Kitchen Cleaner"
"31cea662fec35fb404e4edf12a80d38febe2ca40e1bc420a689e4a70188d85ba","Kitchen Cleaner"
"227529e84058ecf27bfd815d43a7fc77fb3cac0454e872e2f5be4dbe6820d163","Bathroom Cleaner"
"3935c9db9ed421b78cc7b46a08b56e7fb2814ea5de772cc071ecb5db8cca42fd","Kitchen Cleaner"
"6f71d0d46a5726b42296d72ea281449a3f8c5e724b7326c169ee3ded1d38500f","Bathroom Cleaner"
"45e8c77bdce3ac27c43698d1dc3e2acfca052bb4b9d028f81c6e708b6358b587","Bathroom Cleaner"
"26c9e0b8887e12564752118de0f50e8e7decb8c4311c06d3ba53ed6fc0a7c001","Kitchen Cleaner"
"4a08b37963ce8d6356bdea431718e2094d6e1c5d2cca70bf160980ac2f274459","Bathroom Cleaner"
"b077b88eb9f0823274cb5202450d8b9ea6f952335703155d52a9600f2733b4fe","Bathroom Cleaner"
"6dbc984fdd35d6cb266e667436bd6b2e0a7a8489695985c492c9427cc7ad4da1","Bathroom Cleaner"
"261183ba1a45d05ecb48324ddfd07053db3cbbcd4fe4c4f84843d2072adae6a9","Kitchen Cleaner"
"c7d8919346cb79baf854d81ef5839ffc499d30635711e46345ce9c3de1549303","Kitchen Cleaner"
"9a7f9c5b32500973f134471dc3c9bbdbe78fc14ba582f607eb224a18c754ff29","Bathroom Cleaner"
"400bf90578540d81432db9581a62053ccc7f6bc9694f70a4bf1c4dd87736f3e2","Bathroom Cleaner"
"2be94af9cffbd836216b98cc0a0656dd2676db2c49eb0821927c4107cee0d283","Kitchen Cleaner"
"9b81e806927a07748c70ebc041a86dfd7f12b546678756a45ae15198ba50ed30","Kitchen Cleaner"
"52efa49278884ff0f09f7667787fff0df5319db1bdfaef3d4f2e7d32a0d317f9","Kitchen Cleaner"
"63375cf26f1ca763525c8fd16664cff349624dfcec84b8c1a6e79dc1561403ae","Bathroom Cleaner"
"7bba7327eb823e5c659367f4b9e0d3bd7725c879c51d13af969a4e6d216c04fe","Kitchen Cleaner"
"e733bf3a9b5b228f2e05053d0649d4167374ccaec029990e09152059fe2b35a6","Bathroom Cleaner"
"a9dcf5570001295c15584c205840c2b6b23e83e767662df867c18eee8e1b3426","Kitchen Cleaner"
"513b25b86cb0b4facfc1126d0763759f9dc0a90db357b1d96228d26ba6e6b35f","Kitchen Cleaner"
"5e6122ba7c2ed0434cc7202a5a197b5ee5f505eeffd0fcf79ad1878c76793c72","Bathroom Cleaner"
"fadb6178644cdd1a406040e3fd1e4967ae85395a68f03b6ca53db90ce8c8f150","Kitchen Cleaner"
"4385cf90e56fbb47231fe30f88fa2f08ba697ce53e99c3377fdf82ea085f807a","Kitchen Cleaner"
"2f140707b54e06f3f915675e86793ed69ddb06634e083f06b56c3dc530a314cc","Kitchen Cleaner"
"e9dd956e11c2b582468f4793007ac8340f0afc374e2505e0cd40cd32b65673c6","Kitchen Cleaner"
"c59fe85225ad300f7dc37bb33cffe77d5b0727ff5b716e9d7c0800876a845f0c","Kitchen Cleaner"
"eb5deabc0620516ea1b80fbdfba7a5212bb87606f2ff34cdb7629d04776ef2e7","Kitchen Cleaner"
"656c7e44b7a2438896c51a5b5a6844fd6b89056c653ef4dca47613f4ed386aba","Bathroom Cleaner"
"2b71ed513465ccf7f5759479143e72e86f5585a68d9f544ceb418924031ebcd2","Kitchen Cleaner"
"e29019fbe439ee94356e343e313955bd9c7fb552aec5b76d3f703451b56ebb6d","Bathroom Cleaner"
"d9161880e62ec29fd2a9b647b589e96d164b27b2204d55b00f070326c235ce6a","Bathroom Cleaner"
"7e64743f79994f9b021e1f83d59ab051b723c2aafd2ecf0df85f0d983d929ac3","Bathroom Cleaner"
"9cf33aed36719d1f68780972b4c715763016116d039c993b815f718beef45f4c","Bathroom Cleaner"
"0876eb95f5f693aa0524ba49661e612430b05267dc597307f41c75c8989a2760","Kitchen Cleaner"
"8e65f0699771488394dc67eba0070e7629d891d198d44c8931c0a8f130579d07","Kitchen Cleaner"
"5497278ee449b5dda020a758251505d5706cc17dab190f20c9b885620d83cc0f","Bathroom Cleaner"
"cb2a716b7119b0f733ddfffe662926c547733c7e0502826a37c6e2ab543e9678","Bathroom Cleaner"
"c19b51920425f9c3ed1afe0447e01dbc317a58a4acee25bca0d9673b292f9994","Kitchen Cleaner"
"57e3711503a5338a1ad163c1edd0de458c20a00d64379e700e3afcf4f56af8d2","Bathroom Cleaner"
"c9446bfa51f25c8873ee34cf40b98c9618781b6419906fc6e528bb0e05105df4","Bathroom Cleaner"
"e2bce0f11a7a31f93f913e7a33c8d3dcd3052dc0d520316e2bab8c2607160c9c","Kitchen Cleaner"
"875d66d9b9aa05c1dc09a99a68923b1e13e658afe65ff3a75287ed8939b38396","Bathroom Cleaner"
"224d62d49f0625211c66986e9cdd386629429e17302d980905dbe1afbf9e8cd8","Kitchen Cleaner"
"9d9e5e54b124d88627011f3ff9719d0fb46fcc762065956cf2d74c72b39ca392","Bathroom Cleaner"
"b3f9b64bd9c254db946ffd61ca831c5181f950d61eb2789456faef1e27b756d0","Bathroom Cleaner"
"dc73b9eca0c861d320b89d390b439a8b33fb08f669fbbfd04d15af6fd06be6e9","Kitchen Cleaner"
"c5f093893eb247ecbbf031b571cf8f46aa05bc18b75fd05c2505c24807430c13","Bathroom Cleaner"
"165f5110821097fdecb9281e93de4714fce5b89974d14a42a903bb43c71b99a9","Bathroom Cleaner"
"d6b939e12e28de55f2cdbdf6f19134fe0b2e995c2c0157313891b18bc319c737","Bathroom Cleaner"
"c318d11c55f515edfb9c77518a841dfe963f32fd15bc32f335f5284824649268","Bathroom Cleaner"
"9830b23b175fd366bc3b92c738c6fbd5abe3c9bff786b9f993e26acd6f070690","Kitchen Cleaner"
"e2cde92ddfab080dcf7579c96db93e6ef117f09d4b225d88f13d5112a7d7827a","Bathroom Cleaner"
"4db152875474a02abfaf4b6d0aef00927324c9827adfbaa9eb6e5035dadd2ab3","Kitchen Cleaner"
"ec3861d0b06bbd2638901072a2744b09d48198542fac015a93785a7de815a6d2","Bathroom Cleaner"
"8a731595011f159896c847e2dae048d3ca2903ac0ea620128f93307107bb1ec7","Kitchen Cleaner"
"c8e6c135001d9d6ad26099ea0a76543ade855192027adbd1ff2d92516f7423c0","Kitchen Cleaner"
"22cbaa8018f2e269c343f36cf1e64973c657b205919dad576373006ef2dc7953","Bathroom Cleaner"
"dc53f2f1cf35c2dabd5c20b13b6728f2b7b96fc607210ac5f434ce7965626af7","Kitchen Cleaner"
"d48198b26670d6a48802aa56a6bf57a4ce770d40211ce32c2b86f603a0ae9ee7","Bathroom Cleaner"
"8ffaa0a3f66196972f712e3f0762fea86dfab24c3c8bc1786719b61c9d14594d","Bathroom Cleaner"
"15264d417283136c19668bda2722966fbecb3f651e6c35c92809255f6fa72fea","Kitchen Cleaner"
"d993c29a39a84b7de2e5a3cf29897e304e98c03a71816fd3844da4d52a46aaa3","Kitchen Cleaner"
"c49a72ada46051aaeccf5b3016efdc0298916acc49c3ef4626c697cb88b2475b","Kitchen Cleaner"
"7898cd9af3bad286ab6d37bb07bfa7b094e387ebe74466649b674959c2c47e77","Kitchen Cleaner"
"c2f26e40cd4edf4dd2fc8d830852b56ffa1e332aec1274a983acae035bcb9f91","Bathroom Cleaner"
"d6a265d5d609c43bb41af5043f9e6268ce4fc0a3f03c6188f951c3c249ebe147","Bathroom Cleaner"
"db2725f5965a0d6a7eb2bcea25bc974edc1173b93c9b7624d805aa3dbfdbc4f0","Kitchen Cleaner"
"7d7916c16ddae0fbb41aa4c17ea0d6e522441d57a0c0b302090bd2bbf1ea8713","Bathroom Cleaner"
"00004548f0c7bc4663f391fc6d309410b991b461f85b6c5532336c1d119cd4db","Kitchen Cleaner"
"af8b26643e8d75defe0320163503baa1efc5085a958af288e7cc451b15da24e4","Bathroom Cleaner"
"56a474131054ec2126b263be236244e5cf6e03f7e0db9ee40ead2b1d3f0d3897","Bathroom Cleaner"
"6f270a4c629ffc165609af6216089bfe52f3997858d02b0529878082e2981849","Bathroom Cleaner"
"40fad48f72f17b5eafaf9df500be4d74e2efb242bf7ce47248ece77729255ab6","Kitchen Cleaner"
"b93ed58bf3cb7a4b05ed1b0ba345032f8d085521de0c257519b4b1c9eedabfce","Kitchen Cleaner"
"c66d5d49ba61c51899e68563da56008603e775067b3dbe56ea858d722b4a5f47","Kitchen Cleaner"
"8ce4cb3f9c930328459303a2c58f87c2aacdeaeb4b8186b62fa8f97da473a89f","Kitchen Cleaner"
"7920031a7abc2f72da96c96941cb9c2b54ea3937adb130fba65d9f73911f25f4","Kitchen Cleaner"
"1e757d9c874acd7293b544ffd52e9e072a22b24877be7949542457b564db27c3","Bathroom Cleaner"
"1e888218589d67ee7e6c78e389754e0a58c0c7a035ed52811ebb3f3ee3f538c9","Bathroom Cleaner"
"4c572282aaab293cf89eebea1c819a22732d7e9bbcdb7daf8b6555e8047040b5","Kitchen Cleaner"
"0a6967cfe4bca777346846ff990922f157d0fc01033a20e08bfec69d6c44667e","Bathroom Cleaner"
"afbd5a240a9a4d7dabf827964aaf021b72238fca0fe5c563c5513f5146f1dfc0","Kitchen Cleaner"
"417fea55cec6117df7d498cbe219c4d2e24a897e3d90acbf3d8cc336bd1bef1b","Kitchen Cleaner"
"b9803e27c4be75d8afbbd3acef2d4697907ef2acaad638fe68df1920bde27f86","Bathroom Cleaner"
"99f49b474c0ccee041a11524ccbf17042bb99dbc2d427d141c02ba0ad2069bd6","Kitchen Cleaner"
"1b8be282799faf8ca6325ae5028ed482c3ac6f06abc4e95c9b6787a1c07b8d4d","Kitchen Cleaner"
"c8932b4f55ccc013758486f0947323d1e8f42e0ed7972254810465c0f1eba658","Bathroom Cleaner"
"e479e3c79dd0f91443d3abb5ae5726f572114644a7334f6989794b02ae41505f","Kitchen Cleaner"
"0b7196484fe8cebfa20435bec2bbc4f84c36aadf2d48fe96fd7dcf267801e947","Kitchen Cleaner"
"1f27450ba683d48e33da6596c2d9db237093af8029729916c2c3623af642b595","Bathroom Cleaner"
"7d6f557a4361363cad29ae32b883345938b9e0443ac62233ad4ed00c8e4f7de6","Bathroom Cleaner"
"1ddca29e5163697733d1eef4e6cab077c5a9e4b66ad27d6538263b7d8986c222","Kitchen Cleaner"
"a5d0ca02cdd1ff560ae097ae9611d4ff180cae6f637023cd00a76a8da5d8eb1f","Kitchen Cleaner"
"0670b1ad80db0c24d4f15a0ea63b8038f6ee19764cdcce4ba18fd775763db089","Bathroom Cleaner"
"8ab7dbd27c20789713e6c9ecc336587a99c9ad5713989c49fd84b036ce032b67","Kitchen Cleaner"
"27a986453b722de93ece2f090238897b13587f3288a3d869549e32a050b21040","Kitchen Cleaner"
"89e281fb555849d690bacaa148c86459537f6153d0e1ee62d61f9326da7222b2","Bathroom Cleaner"
"faa48f25b105615caac9e8efdc93862576becfe1dc84771d0e9f13527793f03c","Kitchen Cleaner"
"da530020b1a5be240b5533dfec0e18c2a1ea7873dde31cbd402c8177ed415b92","Kitchen Cleaner"
"29c151c384decca3b87c8e8c5f338d801a0005e0ba0e75ccee5f0208aefeeaea","Bathroom Cleaner"
"230bfac0d2270d7a01c3ed4f048c9e39448b4146d6a986b374d9cd12bd53b545","Bathroom Cleaner"
"a890c8985feac79cb8f9a7bdaf34f9933cc5acd168e523e242ed01d23ff1c43a","Bathroom Cleaner"
"b22b66b02e949d651fbe92941b2377d1df2ab143652fb9d7485243f0e2bd2769","Bathroom Cleaner"
"7a240df69c430f1f684b0b7d02af15e9d2dafc4436d6eb4155ed5a20fb95feda","Bathroom Cleaner"
"cb0c990ebccc2b4d77289c7d996d46ef639d0d331303147915d870d7af760ffb","Kitchen Cleaner"
"82f74d28ce11d562c7c5b41118bfc3dbd5b73ac23d6976f81dcdc916b8205272","Bathroom Cleaner"
"d139d9bd8827a64a9eea65840300138c74799281caa128b41fe2b08ed08b30ce","Bathroom Cleaner"
"13df31cb8dcdad891d06d864129df2a5d3369dfbe0cd0e87f2ef82c520fe9bd6","Bathroom Cleaner"
"e99560d747fe8c91540d7a297bf22c748814f737d42ccda1673020e8e21ecd48","Kitchen Cleaner"
"6ee0724da8a70897529808cae9db04d1f3dd93a0a43554795d1fd2017c221b7b","Bathroom Cleaner"
"9d16d18d85af7ec7fde67f070545a5fb88db3bee5d5cb497e8f6247ad050bf2b","Bathroom Cleaner"
"c8edec4fe6dda7e25b00cb605e00a34a8aedf1b2da0ec6ca8ab6692602524475","Kitchen Cleaner"
"e4ac63e9657d1b204625860f151a449b409ce0a2aeefad33e34156a01011adf3","Bathroom Cleaner"
"116bb1b5782e90d67d3e95240e124e3b39e88d5d877c1c92c8782bf8960f14f6","Kitchen Cleaner"
"e90f649d7c3054cf25c491b219bde7a49f19bda3784ceac052febb392e53d11b","Kitchen Cleaner"
"bd3432cfef134d7541d7f58e51e8e34a5c1258c166607a4fdfff70881e6830ac","Kitchen Cleaner"
"eabc988c071b2100253ab489fd8fd832ef8b37c4e85fe1b71c7d0980eedc198e","Bathroom Cleaner"
"dce9a5249faf3cd04332d384a6fdaaf63283eef4f7a41aecd56e28c14d9b381c","Kitchen Cleaner"
"a2693274b0ec4fa5197c48a90491f5bfa5ae5ad30025c004cc1a0a4296535173","Bathroom Cleaner"
"21b9f32e428a4f58d07f5bc927a2a96da4b4a6ad4e20972f640b89a2d3b88975","Kitchen Cleaner"
"4f966bbee201227daaa7f8bc3e29bb908cb824c9308dad8f3e9bb3ca58949fc5","Bathroom Cleaner"
"5a8bd8785b51d14f716de45cb677def74daed7ced6deb5f92503c40445d25af9","Bathroom Cleaner"
"50357c0e137baa655245e72683fb8a505b2d852d8fa34d05c2da9205c91ee2fd","Bathroom Cleaner"
"06837c475f673ac500c2b347e4b578bb29914cd029944e9fc0019fcdb6449d27","Kitchen Cleaner"
"fd47b09d311988740940963a9ba38d8ed632312a2142c040568cc41b9ee163e8","Kitchen Cleaner"
"a48ba606725679957cc26bddeac77fa3950ed26eae0ab29280dba12ac18d01f6","Kitchen Cleaner"
"d224400e9eebca84c469d44eab346411638b4777c260a6946cfd36ee5d215412","Kitchen Cleaner"
"c1f3ce7004f2a5c95fdddc002319f2186d4838de68f0d8265bc610c87870694a","Kitchen Cleaner"
"3a008bb70763d4b6429fdda15dccac3501f2360744f43ceb76de2cc0fb8b773a","Kitchen Cleaner"
"4d275bb1eedfba7a307d3d1b0b1e6459743ec232b9b05b797d618c427f0ed6fc","Kitchen Cleaner"
"3931ed938bd5ed296b7ea4b7ea753029adc3f1199273f78ffd941e6f2ffc775c","Bathroom Cleaner"
"fa76c33e58b5cbd453ba5b89b41015097ba25e5ea6eec77d2115c025c6e5396e","Bathroom Cleaner"
